TAZ,Agriculture,FIRE,Hotel,TransportConstruction,Services,Healthcare,Retail,Wholesale,Education,Manufacturing,Military,Public
1,7,3,35,0,0,0,0,0,0,0,0,0
3,0,0,0,9,0,0,0,0,0,0,0,0
4,0,0,5,0,0,0,0,0,0,0,0,0
5,0,0,0,2,0,0,0,0,0,0,0,0
7,0,1,0,1,4,0,0,0,0,0,0,0
8,0,3,0,2,0,2,0,0,0,0,0,0
9,0,0,0,0,8,0,0,0,0,0,0,0
11,0,5,0,1,30,4,113,0,0,0,0,0
12,0,2,0,1,4,0,0,0,0,0,0,0
13,0,19,0,17,64,3,5,1,0,0,0,0
15,0,50,0,38,91,137,180,8,5,0,0,0
16,0,12,0,55,235,0,12,1,3,9,0,0
17,0,3,0,0,35,4,14,0,0,0,0,0
18,0,8,0,6,234,29,47,0,1,0,0,0
19,0,109,0,79,287,144,85,15,53,70,500,191
20,0,0,0,0,1,1,0,0,90,0,0,10
21,2,27,0,13,161,26,143,9,15,0,0,0
22,0,0,0,66,73,0,4,0,1,2,0,18
23,0,15,0,58,36,34,2,0,11,0,0,35
24,0,3,0,3,0,4,0,0,0,0,0,0
25,3,26,0,7,117,3,4,15,36,1,0,37
26,0,0,0,0,41,159,5,0,0,0,0,33
27,0,15,0,13,80,12,51,0,0,0,0,0
28,0,20,0,20,101,138,9,7,1,14,0,0
29,0,32,0,8,130,54,98,2,1,0,0,9
30,0,9,0,5,72,0,2,0,2,0,0,0
31,0,80,35,15,276,9,11,4,2,7,0,11
32,0,25,0,18,44,45,13,5,104,6,0,110
33,0,2,0,0,7,0,0,0,0,0,0,0
34,0,8,0,39,52,4,4,0,0,4,0,0
35,0,4,0,8,4,4,0,1,32,0,0,0
36,0,0,0,0,4,0,0,0,0,0,0,0
37,5,359,94,134,405,158,10,0,1523,0,0,207
38,0,17,0,12,41,32,15,4,38,0,0,0
39,6,14,0,9,34,10,2,0,12,0,0,0
40,0,6,0,3,0,1,6,0,0,2,0,0
41,2,13,0,15,21,3,7,0,0,0,0,0
42,0,244,5,35,248,44,127,3,144,93,0,34
43,0,4,0,3,115,267,0,0,74,0,233,1493
44,0,4,0,0,0,0,0,2,0,0,0,0
45,0,6,0,2,28,0,1,0,0,0,0,0
46,3,3,0,0,23,2,0,0,30,6,0,0
47,0,4,0,10,2,0,0,0,2,0,0,0
48,5,1,0,0,0,0,0,0,0,0,0,0
49,0,240,0,80,30,0,0,0,0,0,0,0
50,3,28,0,19,161,17,20,20,0,0,0,0
51,0,40,6,46,192,62,53,4,18,17,0,0
52,0,13,0,31,46,225,2,6,2,0,0,0
54,0,72,0,111,121,75,90,15,10,27,0,9
55,0,16,17,22,17,7,17,12,0,0,0,0
56,0,49,21,11,207,6,251,0,0,4,0,0
57,0,15,0,98,17,112,17,0,0,4,0,0
58,0,7,0,2,60,0,7,0,4,0,0,0
59,0,30,0,18,59,1,33,0,0,45,0,0
60,0,8,0,13,26,0,9,0,0,0,0,10
61,0,3,5,21,14,2,4,0,33,0,0,0
62,0,3,0,17,15,1,20,8,0,0,0,0
63,0,13,0,20,29,25,21,7,17,0,0,0
64,0,4,0,11,4,0,2,0,1,0,0,0
65,0,6,0,9,0,9,0,0,0,0,0,0
66,0,3569,0,5,2,139,0,2,0,0,0,453
67,0,9,0,47,26,8,9,0,2,1,0,0
68,0,73,0,209,26,17,181,7,1,5,0,0
69,0,150,0,137,580,163,432,14,37,36,5,0
72,0,5,0,0,0,0,8,0,0,0,0,0
74,10,7,4,7,12,1,6,23,0,0,0,0
75,4,18,0,50,41,0,48,3,0,12,0,0
76,0,26,2,24,9,0,4,2,43,0,0,0
77,4,32,0,7,3,8,36,0,8,13,0,0
78,0,25,21,2,109,51,94,0,8,3,0,0
79,0,102,0,19,110,125,185,0,0,6,0,0
80,0,20,0,0,69,2,0,0,24,0,0,0
81,0,11,0,6,10,0,0,0,0,0,0,0
82,10,3,0,82,138,0,8,0,9,0,0,0
84,0,2,0,0,0,0,4,0,0,0,0,0
85,0,0,0,5,2,0,13,0,0,0,0,11
86,2,12,35,7,1,1,4,0,0,0,0,0
87,0,3,0,2,3,1,0,0,0,7,0,0
88,0,13,0,50,300,12,4,0,326,0,6,17
89,0,0,0,0,40,0,25,0,0,0,0,0
90,0,16,0,4,18,0,17,0,1,0,0,0
91,0,7,0,21,153,59,0,0,0,0,0,8
92,0,55,0,31,53,89,33,0,63,13,0,238
93,0,0,0,0,0,2,0,0,139,0,0,0
94,2,10,0,8,11,6,13,6,346,0,0,20
95,0,0,0,3,0,3,0,0,0,0,0,0
96,0,5,0,17,0,0,0,5,0,3,0,9
99,3,2,0,20,5,0,7,2,0,0,0,0
100,0,6,0,11,16,6,2,0,0,0,0,0
101,0,12,0,5,140,0,5,0,4,0,0,0
102,0,16,0,4,0,3,6,6,0,0,0,21
103,5,15,0,0,1,0,0,4,1,7,0,0
104,0,176,4,109,525,677,552,37,11,16,0,7
106,0,6,0,13,5,11,2,1,0,0,0,0
107,0,19,0,0,43,2,4,0,130,0,0,9
108,0,2,0,0,0,1,3,0,0,0,0,0
109,11,18,0,8,15,0,0,0,0,0,0,0
110,0,7,21,29,18,0,0,0,1,0,0,0
113,0,3,0,6,3,5,3,0,32,0,0,0
116,0,9,0,3,3,0,4,0,70,0,0,0
117,0,0,0,0,0,0,0,180,0,0,0,0
118,0,28,72,3,105,8,205,0,25,0,0,0
119,0,684,0,388,548,118,402,0,212,13,6,1881
120,0,25,5,124,20,4,0,0,0,0,0,0
122,0,46,0,46,7,4,2,0,3,0,0,0
123,0,47,0,6,8,4,0,0,0,0,0,8
124,0,0,0,8,14,0,0,0,0,0,0,0
126,0,13,0,8,15,4,4,0,0,0,0,0
127,0,2,0,6,10,141,5,5,0,3,0,0
128,6,5,0,5,41,10,66,0,0,0,0,0
129,0,2,0,4,1,3,0,0,0,0,0,0
130,0,57,0,15,27,12,3,0,1,0,0,0
131,5,54,0,41,286,86,33,0,97,3,16,83
132,0,7,0,14,3,1,5,0,0,0,0,0
133,0,3,0,5,52,5,8,0,0,0,0,0
134,0,2,0,24,1,0,0,0,0,0,0,0
135,0,1,0,2,10,1,0,0,1,0,0,0
136,0,44,0,15,59,51,59,5,87,0,0,0
137,0,8,0,4,1,1,0,0,0,0,0,0
138,0,9,0,4,0,4,0,0,4,0,0,0
141,0,0,0,14,0,0,0,0,0,0,0,0
142,0,6,0,3,0,2,5,16,0,0,0,0
143,0,12,80,43,270,14,101,0,2,0,0,0
144,0,4,0,6,0,2,0,0,0,0,0,0
147,0,8,0,0,108,0,0,0,0,0,0,0
149,0,321,0,747,42,4,96,200,2,579,0,0
150,0,108,0,633,37,1,96,381,0,51,0,0
151,9,256,0,397,95,0,209,581,0,210,0,0
152,0,50,0,8,0,0,0,5,0,124,0,0
153,0,286,688,15,318,0,5,0,0,0,0,0
154,0,7,0,5,13,26,0,0,0,0,0,0
155,0,213,0,544,182,43,130,476,16,63,0,0
156,0,232,0,0,259,16,375,0,14,12,0,0
157,0,16,1,13,0,0,4,0,0,2,0,0
158,0,5,0,9,0,0,0,0,0,0,0,0
159,0,4,0,13,4,6,4,0,43,0,0,0
160,0,2,0,14,0,0,3,0,0,0,0,11
161,0,9,0,9,47,22,5,0,304,0,0,0
163,0,2,0,20,2,1,0,0,0,0,0,0
164,0,10,0,1,0,16,0,0,228,0,0,0
165,0,29,0,6,150,172,130,2,0,0,0,0
166,0,6,0,0,29,7,16,3,0,0,0,0
168,0,1,0,14,10,186,4,0,86,0,0,144
169,0,2,0,4,35,0,5,0,0,6,0,0
170,0,0,0,1,5,0,0,0,0,0,0,0
171,0,2,0,28,8,0,0,0,0,0,0,0
172,6,0,0,0,0,0,0,0,0,0,0,0
173,0,0,0,0,6,0,8,6,0,0,0,0
174,6,4,0,21,4,0,0,6,0,0,0,0
175,4,7,0,60,4,4,6,0,0,0,0,0
177,0,0,0,0,0,0,2,0,0,0,0,0
178,0,9,0,2,32,1,12,3,0,0,0,0
179,0,2,0,14,3,5,4,0,0,10,0,0
180,0,0,0,5,0,0,0,0,23,0,0,0
181,0,0,0,4,0,0,0,0,0,0,0,0
182,0,6,0,2,0,0,6,4,0,0,0,0
183,0,9,0,7,6,0,0,0,0,0,0,0
184,0,0,0,1,0,0,2,0,0,1,0,0
185,0,0,0,28,0,0,2,2,0,0,0,0
186,0,0,0,0,0,0,0,0,0,2,0,0
187,0,0,0,0,0,0,4,0,0,0,0,0
188,0,6,0,4,14,4,34,5,0,0,0,0
189,0,1,0,0,15,36,0,0,0,3,0,0
190,0,10,0,31,11,1,10,0,0,0,0,0
191,0,0,0,10,4,12,2,0,0,0,0,0
192,0,55,0,28,266,46,292,0,14,0,0,13
193,40,4,17,19,51,75,15,15,0,0,0,0
194,0,0,0,8,3,0,0,0,0,0,0,0
195,0,7,0,0,0,0,0,0,0,0,0,0
196,0,8,0,8,10,0,0,0,0,0,0,0
197,0,12,0,3,21,0,0,10,180,0,0,8
198,0,0,0,2,3,0,2,0,1,0,0,0
199,0,3,0,6,6,0,2,0,0,0,0,0
201,0,1,0,0,0,0,0,0,0,0,0,0
202,0,2,0,9,20,0,3,0,0,0,0,8
203,0,180,0,239,177,14,375,362,14,131,0,0
205,0,6,0,15,96,307,29,0,0,5044,208,17
206,0,0,0,0,12,0,0,0,0,0,0,0
207,0,0,0,0,0,29,0,0,15,0,0,0
208,0,1,0,0,15,0,6,0,0,0,0,0
209,0,53,100,0,0,4,8,0,0,0,0,0
211,0,9,0,35,4,11,1,3,0,0,0,0
212,0,14,0,16,6,0,15,19,0,0,0,0
214,0,11,0,1,210,6,22,0,0,5,0,0
215,0,10,0,0,3,1,0,0,0,0,0,0
216,0,26,0,8,1,10,0,0,0,0,0,0
217,0,1,0,6,1,0,0,0,0,0,0,0
218,0,6,0,3,3,0,2,0,0,0,0,0
219,0,17,0,5,27,15,5,0,0,0,0,3
220,0,1,0,13,0,6,5,8,0,0,0,0
221,0,10,0,7,0,0,1,0,0,0,0,0
222,0,17,0,28,9,2,3,0,0,0,0,0
223,0,0,0,0,12,31,0,0,30,0,0,0
224,0,10,0,0,140,1500,21,0,9,0,0,0
225,14,104,0,30,571,384,891,25,3,22,4,0
226,4,7,0,6,86,326,10,54,0,0,0,0
227,0,3,0,5,7,35,5,0,111,2,0,0
228,0,0,0,0,3,0,5,0,0,0,0,0
229,0,0,0,0,79,4,1,0,0,0,0,0
230,0,215,32,39,33,4262,10,3,0,0,22,225
231,0,8,0,7,5,3,3,0,150,0,0,9
232,0,7,0,0,0,5,3,0,0,0,0,0
233,0,0,0,6,0,0,0,2,0,0,0,0
234,0,457,0,187,450,187,658,90,51,117,0,0
235,0,5,0,0,13,0,6,0,0,0,0,0
236,0,13,0,3,15,662,2,5,0,20,0,0
237,0,7,0,6,9,0,0,0,0,0,0,0
238,0,7,0,0,1,3,0,0,0,0,0,0
240,0,0,0,7,0,0,0,0,0,0,0,50
242,0,50,0,23,75,36,84,0,3,25,0,0
243,0,346,0,3,36,391,47,0,21,0,12,1
244,0,1,0,0,0,0,0,0,0,0,0,0
245,0,0,0,3,16,0,1,0,0,0,0,0
246,0,55,0,7,18,22,0,0,0,50,9,12
247,0,70,0,0,72,0,50,0,0,0,0,0
248,0,10,0,30,0,1,8,0,0,0,0,0
249,0,0,0,0,200,0,0,0,0,0,0,0
250,0,200,0,8,18,0,0,0,0,0,0,4
251,0,0,0,60,97,0,2,0,0,9,0,0
252,0,1,0,0,0,0,7,0,15,0,0,0
253,0,3,0,0,51,17,0,0,10,0,7,0
254,0,0,0,0,2,0,0,0,0,0,0,0
255,0,1121,0,5629,797,111,111,2,16,89,0,459
256,0,0,0,2,0,4,0,0,0,0,13,12
257,0,4,0,6,18,8,0,0,0,0,0,15
258,0,0,0,0,2,0,4,0,0,0,0,0
259,0,9,0,0,10,0,0,0,0,0,0,0
260,0,30,0,12,19,1,0,0,0,0,0,45
261,0,1,0,0,11,0,0,3,0,3,0,12
262,0,81,0,18,194,46,19,0,2,3,5,0
263,0,3,0,6,3,8,2,0,0,0,0,0
264,0,10,0,3,11,30,0,0,5,0,0,0
265,0,7,0,18,5,8,0,6,0,0,0,0
267,0,0,0,0,15,0,0,0,0,0,0,0
268,0,23,0,138,430,0,291,220,6,40,0,0
269,0,6,0,100,0,0,0,0,0,0,0,32
270,0,10,17,6,367,15,0,0,0,0,0,6
272,0,5,0,0,11,7,8,0,2,0,0,0
273,0,3,0,0,10,224,0,0,0,0,0,18
276,0,10,0,27,11,15,3,0,0,6,0,0
277,0,3,0,2,3,0,12,0,2,0,0,0
278,0,0,0,0,0,0,0,0,196,0,0,0
279,0,35,2,66,48,0,19,0,59,0,0,36
280,0,47,0,2,43,7,3,0,0,0,0,0
281,0,3,0,9,0,140,0,0,0,0,0,0
282,0,0,0,1,4,0,12,0,0,0,0,0
283,0,0,0,0,1,6,0,0,0,0,10,0
286,0,0,0,0,3,0,4,0,0,1,0,0
287,0,52,0,15,38,83,2,3,0,0,0,0
288,0,12,0,16,12,5,13,0,0,0,0,0
290,0,6,0,0,0,0,0,0,0,0,0,0
291,0,0,0,3,0,10,0,6,0,0,0,0
292,0,9,0,7,14,0,0,0,0,0,0,10
293,0,14,0,11,9,0,0,0,0,0,0,0
294,0,0,0,3,26,12,0,0,147,0,0,0
295,0,13,0,53,151,24,30,1,5,3,0,0
297,0,10,0,62,15,14,4,0,30,0,0,18
298,0,14,0,9,24,17,0,0,0,0,0,0
299,0,5,0,5,3,1,0,0,0,0,0,0
300,0,3,0,1,3,0,2,12,0,0,0,0
301,0,37,0,0,99,24,115,6,0,0,0,0
302,0,5,0,15,1,0,2,0,0,0,0,0
303,5,3,0,0,2,0,0,0,0,0,0,0
304,0,0,0,13,14,0,7,0,4,0,0,0
305,0,136,0,12,352,40,235,2,5,2,0,0
306,0,10,0,2,106,5,1,0,98,0,0,0
307,3,0,0,1,0,0,0,6,0,0,0,0
308,0,2,0,10,4,0,4,0,30,0,0,0
311,3,9,0,7,33,0,3,5,0,0,0,0
312,0,3,0,0,0,46,0,0,54,0,0,0
313,0,0,0,2,0,0,0,0,0,0,0,0
314,0,6,0,0,6,0,0,0,124,0,0,150
315,0,6,0,4,2,3,0,3,0,0,0,0
316,0,3,0,0,0,0,7,0,0,0,0,0
317,0,7,0,0,3,0,0,0,3,0,0,0
318,0,2,0,0,0,0,5,0,31,0,0,18
319,0,27,0,35,20,0,8,0,0,3,0,0
320,0,2,0,5,3,0,0,0,0,0,0,0
321,0,0,0,4,0,0,0,14,0,0,0,0
322,0,3,0,11,0,0,0,0,0,0,0,58
323,0,0,0,12,9,0,0,6,0,0,0,0
324,2,6,0,1,1,0,0,0,0,2,0,0
325,0,70,25,0,619,14,508,0,5,14,0,0
326,0,0,0,0,0,0,0,0,111,0,0,0
328,0,12,0,25,15,71,6,0,85,0,0,9
329,0,7,0,18,2,0,0,0,0,0,0,0
330,0,3,0,8,1,0,0,0,0,4,0,0
331,0,2,0,8,0,2,15,2,0,0,0,6
332,10,67,0,56,256,41,95,0,10,0,0,0
333,0,12,0,54,2,1,0,1,0,0,0,0
334,0,4,0,2,0,0,0,0,0,0,0,0
335,0,5,0,17,12,1,0,0,101,0,0,0
336,0,4,0,6,2,0,2,0,0,0,0,0
337,0,0,0,0,0,5,0,0,0,0,0,0
338,3,9,0,11,15,20,0,0,0,0,0,0
339,0,30,0,5,106,86,23,0,0,0,0,0
340,0,11,0,3,1,1,10,0,0,0,0,0
341,0,3,0,9,0,0,0,0,0,0,0,0
342,0,1,0,10,2,0,0,0,0,0,0,0
343,5,84,0,15,5,4,0,0,0,0,0,0
344,0,17,0,22,7,21,1,0,47,0,0,0
345,0,15,0,13,5,0,0,0,0,0,0,0
347,0,2,0,11,0,0,1,0,7,0,0,0
348,0,2,0,0,31,123,0,0,0,0,0,0
349,0,3,0,0,14,4,3,0,0,0,0,0
350,0,0,0,2,2,60,0,0,0,0,0,8
351,0,298,5,267,61,103,3,109,0,0,0,0
352,0,4,0,14,6,0,3,0,0,0,0,0
353,0,1,0,0,14,0,0,1,10,0,0,0
354,0,8,0,6,3,1,0,2,0,0,0,0
355,0,4,0,10,3,10,0,0,0,0,0,0
356,0,160,0,0,779,387,705,0,20,4,3,0
357,0,1,0,2,0,0,0,0,0,3,0,0
358,0,7,0,5,119,31,3,0,5,0,0,0
359,0,41,1,73,23,6,2,9,115,0,0,0
360,0,1,0,13,0,3,0,0,0,0,0,0
361,0,18,0,8,4,5,0,0,0,0,0,0
362,0,17,0,10,7,21,2,0,0,0,0,0
363,0,8,0,33,15,0,0,0,12,0,0,0
364,0,1,0,4,2,31,1,20,0,0,0,0
365,0,77,0,0,170,38,52,0,109,0,0,0
366,0,6,0,24,0,0,0,0,0,0,0,0
367,0,0,0,6,0,0,0,0,0,0,0,0
368,0,12,0,0,75,0,4,5,0,0,0,108
369,0,2,0,3,23,5,0,0,0,0,0,0
370,3,9,0,17,3,0,0,1,1,7,0,0
372,0,7,0,1,3,0,0,0,2,5,0,0
373,0,60,0,0,372,34,727,0,0,3,0,0
374,0,2,0,29,0,31,0,0,0,0,0,0
375,0,3,0,7,0,2,0,0,0,0,0,0
377,0,59,7,4,0,56,0,5,17,1,0,13
378,0,2,0,11,5,2,0,0,0,0,0,0
379,0,7,0,31,2,7,0,0,0,0,0,0
380,0,162,0,13,16,150,12,36,12,0,0,0
381,0,3,0,4,0,0,0,0,0,0,0,0
382,0,2,0,9,2,0,4,0,0,0,0,0
383,0,23,0,67,5,0,3,0,0,0,0,0
384,0,39,0,5,3,41,6,7,0,0,0,0
390,0,365,5,202,212,32,81,178,16,411,0,0
391,0,3,0,4,46,26,3,0,0,0,0,0
392,0,77,0,120,12,20,26,12,10,52,0,0
393,0,18,0,68,72,84,704,35,4,0,0,0
394,5,39,0,1,80,46,28,21,0,2,0,0
395,0,71,0,11,92,217,147,5,0,0,0,0
396,0,48,0,0,123,52,57,15,0,2,0,39
397,0,240,0,64,8,28,112,15,0,60,0,0
398,0,229,0,179,16,42,10,43,0,117,0,0
399,0,38,0,23,112,3,711,0,5,5,0,10
400,0,216,0,2,4,2,3,0,0,0,0,0
401,0,0,0,0,90,0,0,0,0,0,0,0
402,0,114,0,30,211,61,90,185,21,0,0,0
403,0,0,0,0,10,12,2,0,0,0,0,10
404,0,12,0,91,13,3,9,0,0,0,0,0
405,0,9,0,20,7,2,0,9,166,4,0,0
406,0,11,0,12,13,0,50,0,0,0,0,0
407,0,2,0,12,4,2,3,0,0,0,0,0
409,0,3,0,11,1,0,0,0,0,3,0,0
410,0,2,0,5,1,0,5,0,0,2,0,0
411,0,31,0,14,130,24,606,0,0,1,0,0
412,0,22,0,7,2,2,2,0,0,0,0,0
413,0,11,0,48,12,2,0,0,0,0,0,10
414,0,0,0,8,8,0,0,0,0,0,0,0
415,0,13,0,30,5,0,0,0,0,4,0,0
416,0,104,3,118,462,24,119,0,25,257,0,0
417,3,0,0,6,7,0,0,0,0,0,0,0
418,0,18,0,2,61,102,58,0,0,7,0,6
419,0,70,0,10,167,180,193,0,2,2,0,0
420,0,1,0,3,0,0,17,0,0,0,0,0
421,0,32,0,180,142,131,154,188,0,7,0,0
422,0,4,0,2,0,17,1,0,2,0,0,0
423,5,3,0,2,5,5,0,0,0,0,0,0
424,3,61,0,7,200,55,20,0,7,0,0,0
425,0,0,0,2,0,0,0,0,0,0,0,0
426,5,8,0,10,19,0,0,0,0,0,0,0
427,0,3,5,0,0,15,0,0,150,0,0,0
428,0,9,0,12,9,0,4,0,0,0,0,0
429,0,0,0,0,2,0,0,0,0,0,0,0
430,0,50,0,0,0,0,0,0,0,0,0,0
431,0,15,0,7,42,6,3,0,0,0,0,0
432,0,0,34,0,10,0,25,0,0,0,0,0
433,0,27,0,13,89,3,57,3,0,0,0,0
434,0,9,0,12,0,0,0,0,0,0,0,0
435,0,5,0,26,9,0,2,0,0,0,0,0
436,0,3,0,32,0,0,0,0,0,1,0,0
437,0,13,0,2,1,0,3,23,35,0,0,0
438,0,6,0,13,1,3,6,0,0,0,0,0
440,0,0,0,0,2,15,0,0,3,0,0,0
441,4,273,2,9,407,202,156,2,11,2,0,0
442,0,2,0,0,4,0,0,0,0,6,0,0
443,0,0,0,5,0,9,2,0,0,0,0,0
445,0,22,0,1,364,123,270,0,0,12,0,0
446,0,5,0,102,11,25,9,0,0,0,0,0
447,0,42,0,59,51,22,333,0,38,0,0,35
448,0,0,0,11,9,11,2,0,0,0,0,0
449,0,10,0,16,0,0,0,2,67,1,0,0
450,0,12,0,2,0,0,0,0,0,0,0,0
451,0,5,0,7,2,5,2,0,0,0,0,0
452,0,4,0,6,2,0,0,0,0,0,0,0
453,0,0,0,0,4,0,12,0,0,0,0,0
454,0,3,0,3,5,0,2,0,2,0,0,0
455,0,5,0,0,50,10,1,0,20,0,0,0
456,0,190,0,5,230,108,164,3,0,3,0,0
457,0,0,0,4,0,0,0,0,0,0,0,0
458,0,1,0,0,2,0,2,0,0,0,0,0
459,0,59,0,145,156,86,534,7,0,0,0,0
460,0,0,0,0,2,0,0,0,28,0,0,0
461,0,22,0,1,152,7,186,0,0,0,0,0
462,0,73,0,1104,67,3,55,162,4,199,14,17
463,0,3,0,0,8,5,9,2,1,0,0,0
464,0,20,0,24,11,5,18,8,1,10,0,8
465,0,29,0,16,4,0,0,0,0,0,0,0
466,0,0,0,2,5,0,0,0,0,0,0,0
467,0,6,0,13,21,10,0,1,2,0,0,0
468,0,8,0,12,3,3,24,0,60,2,0,0
469,0,3,0,0,0,7,0,0,0,0,0,0
470,0,5,0,0,6,1,0,0,1,0,0,6
472,0,45,0,3,44,231,26,0,1,7,0,87
473,0,0,0,0,45,11,0,0,0,0,0,0
475,0,7,0,9,4,0,5,0,0,0,0,0
476,0,3,0,0,1,4,0,0,0,0,0,0
477,0,2,0,29,0,0,0,0,0,0,0,0
478,0,0,0,3,0,0,0,0,0,0,0,0
479,0,7,0,11,32,1,0,0,0,0,0,10
480,0,0,0,0,16,0,0,0,0,0,0,19
481,0,0,0,0,2,10,0,0,0,0,0,0
482,0,2,0,0,10,0,5,0,234,0,0,0
483,0,8,0,1,69,1,14,0,0,1,0,0
484,0,1,0,2,5,0,16,0,0,0,0,0
485,0,2,0,1,9,0,2,0,8,0,0,0
486,0,8,0,2,3,7,0,1,0,0,0,0
487,0,7,0,0,0,6,0,2,0,0,0,0
490,0,452,3,687,291,449,1115,242,9,28,0,0
491,0,45,0,60,62,0,62,121,0,29,0,0
492,0,13,0,8,21,6,14,8,0,0,0,0
493,0,207,0,14,605,126,77,12,6,0,0,0
494,0,66,0,11,123,307,195,10,25,0,0,0
495,0,43,0,43,78,35,24,1,8,0,0,0
496,0,25,0,3,5,19,6,0,0,0,0,0
498,0,104,0,13,110,92,11,0,0,0,0,0
499,0,1,0,0,3,0,0,0,0,0,0,0
500,0,20,0,25,15,5,13,0,3,10,0,0
501,0,7,0,6,4,1,0,0,200,0,0,0
502,0,8,0,10,3,0,0,0,0,0,0,15
503,0,3,0,32,0,0,2,0,0,0,0,0
504,0,3,0,14,7,5,4,0,0,0,0,0
505,0,9,0,9,8,0,7,0,1,0,0,0
506,3,12,0,3,0,0,3,0,0,0,0,0
507,0,11,0,0,4,2,1,7,2,0,0,0
508,0,15,0,5,8,5,10,0,0,0,0,0
509,0,12,0,5,22,4,2,0,0,7,0,0
510,0,7,0,14,2,0,3,0,470,0,0,0
511,0,9,0,11,14,1,0,0,1,0,0,0
512,0,1,0,0,0,0,0,0,0,0,0,0
513,0,2,0,0,12,3,1,0,0,5,0,0
514,0,11,0,45,19,31,4,0,80,0,0,0
515,0,14,0,21,20,16,12,0,0,21,0,0
517,0,5,0,3,61,179,16,0,0,0,0,12
518,0,10,0,34,37,11,0,7,80,7,0,9
519,0,7,0,15,101,44,25,50,0,98,0,0
520,0,18,0,2,140,0,0,0,60,0,0,0
521,0,305,0,53,32,96,51,2,0,8,0,0
522,0,2,0,8,10,66,12,0,0,3,0,10
523,0,27,0,0,20,0,8,0,1,0,0,0
524,0,3,0,16,42,83,19,0,1,0,0,0
525,0,0,0,0,0,1,0,0,0,0,0,0
526,0,16,0,7,9,167,10,0,9,0,0,0
527,3,151,0,671,498,24,133,283,30,120,0,0
528,4,0,0,30,11,7,12,0,10,1,0,0
529,0,3,11,13,199,0,7,0,0,0,0,0
530,0,57,0,824,80,5,35,25,65,9,0,76
531,4,187,3,104,228,24,222,30,5,38,0,0
532,0,326,0,122,323,122,384,25,1,16,0,243
533,0,199,3,980,787,70,314,41,17,53,0,0
534,0,310,0,506,409,113,199,100,62,68,0,0
535,0,362,0,290,273,279,358,46,26,36,0,0
536,0,10399,9,81,266,79,39,4,13,55,0,0
537,0,245,0,202,144,256,495,11,0,3,0,0
538,0,0,0,0,171,1,0,0,128,0,0,42
539,0,817,6,350,561,397,344,89,122,50,0,0
540,0,1692,0,37,325,25,62,0,0,16,0,27
541,0,35,0,7,67,19,86,3,27,0,0,0
542,0,117,7,136,160,559,131,45,3,32,0,473
543,0,381,0,24,235,85,95,15,48,26,0,0
544,0,150,31,125,286,109,62,12,250,11,0,0
545,0,42,0,59,25,912,12,0,32,0,0,0
546,0,243,0,112,375,62,159,23,16,28,0,0
547,0,15,0,3,25,5,7,0,82,0,0,0
548,0,7,0,13,14,3,3,2,0,5,0,3
549,0,5,0,2,0,0,0,0,0,0,0,0
550,0,8,0,2,10,0,0,0,62,0,0,0
551,0,8,3,1,24,12,2,0,10,13,0,0
552,0,50,0,0,0,0,0,0,22,0,0,0
553,0,18,0,17,25,71,3,0,0,0,0,0
554,0,56,0,170,186,23,105,50,1,52,0,0
555,0,465,0,555,429,107,285,129,8,235,0,166
556,4,48,0,119,80,0,14,56,0,0,0,98
557,0,0,0,11,0,40,0,0,9,0,0,0
558,0,183,0,1817,86,2,57,240,24,53,200,50
559,0,9,0,2,10,2,15,0,0,0,0,0
560,0,64,0,8,400,480,33,5,58,16,0,30
561,0,34,0,28,159,9,200,9,0,0,0,0
562,0,207,0,141,339,1360,209,54,29,18,11,0
563,0,153,0,51,110,24,51,109,0,78,0,79
564,5,131,0,326,123,0,116,245,1,134,0,0
565,0,1095,0,1654,931,630,1987,291,14,363,0,352
566,0,119,0,566,250,154,318,115,26,245,0,170
568,0,18,0,114,10,0,64,18,0,0,0,3
570,0,1,0,0,52,0,58,0,2,4,0,0
571,0,1,0,0,18,0,0,0,9,0,0,0
572,0,0,0,6,0,0,0,0,0,0,0,0
573,0,0,0,0,3,16,0,0,0,0,0,0
574,0,2,0,0,0,0,1,0,0,0,0,0
575,0,11,0,1,34,0,31,0,1,0,0,0
576,0,8,0,5,9,7,1,0,0,0,0,0
577,0,18,0,8,5,2,9,0,0,6,0,0
578,0,11,0,10,11,0,5,0,0,7,0,0
579,0,0,0,3,0,0,0,0,0,0,0,0
580,0,335,362,842,311,38,1070,497,18,219,0,69
581,0,34,0,19,4,0,3,0,0,0,0,0
582,0,3,0,5,14,0,2,0,28,0,0,0
583,0,10,0,0,17,0,4,0,0,0,0,0
585,0,120,0,465,516,4,368,561,9,153,0,0
586,0,219,0,112,24,9,21,20,0,0,0,21
587,0,0,0,0,0,0,0,0,0,0,0,28
588,0,270,0,636,628,13,270,456,0,257,8,0
589,5,53,0,160,76,124,116,39,0,134,0,0
590,0,22,4,206,95,120,76,27,77,121,0,0
591,0,0,0,0,3,0,2,0,0,0,0,0
592,0,2,0,33,0,0,0,0,0,0,0,0
593,0,0,0,1,4,2,0,0,0,0,0,0
594,3,261,0,1033,144,109,325,224,1,421,0,0
595,0,158,0,599,29,43,238,298,0,37,0,267
596,0,102,0,368,32,0,209,207,0,43,0,1000
597,7,90,0,140,75,32,119,308,0,14,0,139
598,0,8,0,0,0,14,0,0,0,0,520,0
599,0,0,0,1,5,0,0,0,0,0,0,0
600,0,1,0,0,0,0,0,0,0,0,0,0
601,0,1,0,0,0,0,0,0,0,0,0,0
602,0,9,0,18,0,31,31,0,0,0,0,0
603,0,6,0,11,8,0,0,0,0,0,0,0
604,0,0,0,4,0,3,0,0,0,0,0,0
605,0,62,0,0,190,22,101,0,30,2,0,0
606,0,3,0,11,13,3,3,0,0,0,0,0
607,0,4,0,0,0,0,0,0,0,0,0,0
608,0,0,0,2,2,0,0,0,0,0,0,0
609,0,59,0,0,14,1,0,0,26,0,0,8
610,0,18,0,8,11,6,0,0,0,0,0,0
611,0,33,0,2,8,0,2,0,0,0,0,0
612,0,65,0,10,574,38,1127,4,20,0,8,0
613,0,3,0,0,50,2,7,0,0,0,0,0
614,0,42,0,149,108,57,209,67,0,151,0,191
615,0,362,0,1146,125,51,282,168,0,89,0,199
616,0,0,0,0,10,0,3,0,0,0,0,0
617,0,0,0,10,0,0,0,0,0,0,0,0
618,0,0,4,0,7,0,3,0,0,0,0,0
619,0,0,0,9,0,0,0,0,0,0,0,0
620,0,1,0,0,0,0,24,0,0,0,0,0
622,0,160,0,663,176,0,214,284,1,286,0,7
623,12,90,0,788,91,3,138,59,0,143,0,0
624,0,250,0,98,438,234,1678,367,42,2,0,25
625,0,11,0,9,12,0,4,0,0,0,0,0
626,0,5,0,0,1,0,0,0,0,0,0,0
627,0,5,0,3,0,0,0,0,0,0,0,0
628,0,693,5,287,242,706,532,15,78,69,0,0
629,0,119,8,144,264,183,67,13,3,17,0,10
630,0,600,8,220,269,463,77,40,10,28,0,5
631,4,1260,12,561,409,804,36,12,24,20,0,5
632,5,1094,3,60,1481,134,4533,23,18,59,0,13
633,0,113,555,99,297,52,34,0,0,0,0,8
634,0,92,0,19,8,46,9,0,1,0,0,0
635,0,5,0,0,7,0,31,0,11,0,0,0
636,0,66,3900,15,318,3,220,3,0,0,0,0
637,0,0,0,0,104,0,9,0,0,0,8,0
638,0,0,0,0,0,0,8,0,0,0,0,0
639,0,13,0,93,108,16,20,0,40,0,0,2
640,0,323,0,99,243,183,154,19,0,13,0,17
641,5,28,0,8,135,54,25,2,31,7,0,0
642,0,26,0,0,124,5,147,9,20,8,0,0
643,3,238,0,8,107,16,19,0,0,0,0,0
644,0,240,0,30,445,122,40,5,13,13,0,12
645,0,39,0,3,21,15,253,10,0,5,0,0
646,0,70,0,60,85,14,11,0,30,3,0,0
647,0,89,3,15,27,0,16,0,0,3,0,0
648,0,13,0,6,0,5,7,0,0,0,0,0
649,0,0,0,0,2,0,1,0,0,4,0,0
650,0,69,0,4,96,19,21,1,2,0,0,0
651,1,9,0,3,16,1,12,0,27,0,0,0
652,0,75,0,8,5,23,3,0,3,0,0,0
653,0,37,0,10,14,11,0,2,30,0,0,0
654,0,75,0,73,109,204,22,1,5,0,0,10
655,3,5,0,0,3,0,2,0,0,0,0,0
656,0,3,0,0,0,84,0,0,20,0,0,0
657,0,27,0,3,13,0,4,0,0,0,0,0
658,0,38,0,18,109,41,17,2,203,0,0,0
659,0,68,5239,13,3568,63,496,5,55,19,0,42
660,0,4,89,75,42,0,8,0,0,0,0,0
661,0,45,1008,22,277,3,32,0,15,1,0,0
662,0,255,28,133,68,37,45,11,23,5,0,0
663,0,15,0,23,11,11,11,0,0,0,0,0
664,0,66,84,24,105,2,9,0,0,0,0,0
665,0,90,363,366,717,39,180,8,15,0,0,0
666,0,14,0,14,143,4,105,2,0,0,0,0
667,0,612,175,718,827,12,1561,42,17,35,0,88
668,0,23,40,13,64,0,7,0,1,0,0,0
669,0,158,175,12,141,10,28,0,0,55,0,0
670,0,46,1425,12,281,15,730,0,0,31,0,0
671,0,278,0,0,308,0,292,0,0,0,0,0
672,0,34,120,22,32,1,16,0,0,0,0,0
673,0,16,0,14,17,6,10,0,2,0,0,0
674,0,29,330,3,180,0,46,0,9,3,0,0
675,0,22,117,37,10,6,25,0,0,0,0,0
676,0,143,1619,20,466,10,292,8,24,0,0,0
677,0,121,0,3,115,41,11,0,12,0,0,0
678,0,22,0,27,5,0,2,0,0,0,0,0
679,0,453,0,197,382,183,131,20,51,138,0,4
680,0,2,0,52,0,0,6,0,0,0,0,26
681,0,24,0,2,10,0,7,0,2,0,0,0
682,0,23,0,5,1,0,4,5,0,0,0,0
683,0,9,4,15,0,0,11,0,0,0,0,0
684,0,37,0,16,4,2,3,0,0,0,0,0
685,0,104,10,166,53,70,44,18,17,7,0,0
686,0,66,121,37,59,24,30,0,0,50,0,0
687,0,17,81,24,272,19,17,6,0,0,0,0
688,0,89,0,8,70,1,16,3,0,0,0,0
689,0,66,0,19,56,15,22,5,2,5,0,0
690,0,15,0,9,8,0,24,0,9,0,0,0
691,0,1,0,4,0,3,0,0,20,2,0,0
692,5,8,0,1,0,0,0,0,1,0,0,0
693,0,5,0,27,110,0,41,5,35,0,0,0
694,0,30,27,0,9,0,30,0,0,13,0,0
695,0,24,0,5,67,107,0,0,4,20,0,0
696,0,71,256,37,691,0,84,0,12,0,0,0
697,0,59,70,30,79,47,13,0,0,0,0,0
699,0,22,2,8,114,43,9,0,148,9,0,10
700,0,18,401,7,106,5,7,0,0,0,0,0
701,0,21,43,63,121,5,13,0,0,0,0,0
702,0,19,0,41,9,1,0,0,0,0,0,0
703,0,3,0,1,14,0,3,0,0,0,0,0
704,0,32,3,17,160,33,86,3,10,4,0,0
705,0,4,0,8,12,1,9,0,3,0,0,0
706,0,17,0,7,52,33,85,0,4,0,0,0
707,0,11,0,0,1,0,0,0,0,0,0,0
708,0,0,0,7,40,0,16,0,0,13,0,0
709,0,60,35,6,27,49,29,15,0,0,0,299
710,0,53,0,10,183,190,21,3,34,2,0,14
711,0,15,0,11,29,0,8,0,0,0,0,0
712,0,2,0,4,8,0,0,0,0,0,0,256
713,0,8,0,12,5,0,0,0,90,0,0,0
714,0,20,0,20,7,766,6,0,15,1,0,0
715,0,4,0,24,4,0,6,6,7,0,0,0
716,0,21,0,13,2,23,0,0,0,0,0,0
717,3,7,0,0,13,2,7,0,2,20,0,9
718,8,5,0,0,29,40,8,4,84,0,0,0
719,4,3,0,6,0,5,0,0,9,0,0,0
720,0,2,2,4,11,2,4,0,3,0,0,0
721,0,27,0,4,33,19,0,0,0,0,0,0
722,0,14,0,9,32,15,0,9,84,4,0,13
723,0,1,0,2,35,0,0,0,0,0,0,0
724,0,11,0,2,12,4,8,0,16,0,0,11
725,0,57,0,5,24,242,2,0,0,9,0,8
726,0,253,0,58,106,174,79,8,12,13,0,0
727,0,2,0,3,11,1,0,0,0,1,0,0
728,0,5,0,0,8,0,0,0,0,0,0,0
729,5,10,0,3,2,30,1,0,3,0,0,0
730,3,13,0,11,70,103,0,0,65,0,0,8
731,0,53,0,18,4,18,3,4,1,0,0,0
732,0,31,0,10,11,103,0,0,0,0,0,0
733,0,1,0,12,7,6,3,0,0,0,0,0
734,0,20,0,18,103,1,20,0,1,0,0,0
735,0,270,0,32,214,7,53,0,0,4,0,0
736,0,35,0,16,382,30,751,0,0,6,0,0
737,0,0,0,5,51,45,0,0,65,0,0,0
738,0,1,0,21,6,0,0,0,21,0,0,0
739,0,4,0,2,12,0,0,0,0,0,0,0
740,0,7,0,7,2,0,0,0,0,0,0,0
741,0,2,0,0,9,0,7,0,0,0,0,9
742,0,19,0,8,6,4,0,0,0,0,0,0
743,0,0,0,1,10,13,3,0,0,0,0,0
744,0,0,0,2,10,0,2,0,0,0,0,0
745,0,0,0,5,0,0,0,0,0,0,0,0
746,0,8,0,2,35,0,10,0,1,5,0,0
747,0,20,0,5,10,0,5,10,12,0,0,0
748,0,15,0,1,4,6,3,0,0,0,0,0
749,0,14,4,0,13,0,0,4,6,0,0,0
750,0,6,1,7,7,4,0,0,0,0,0,0
751,0,5,0,15,4,32,0,0,0,0,0,0
752,0,1,0,26,7,11,0,0,0,0,0,0
753,0,0,0,2,0,0,0,0,0,0,0,0
754,0,5,0,3,124,102,3,0,11,0,0,0
755,0,129,0,24,249,24,77,0,29,4,0,0
756,0,75,0,16,24,2,8,4,0,0,0,0
757,0,36,0,105,371,53,27,7,13,3,0,0
759,0,9,0,4,376,51,0,0,0,3,0,0
760,0,252,0,43,215,82,52,0,214,33,0,18
761,0,1377,0,1,220,757,101,7,45,24,0,0
762,0,57,0,5,59,126,102,0,68,0,0,13
763,0,0,0,0,1,57,0,0,0,0,0,0
764,0,38,0,18,47,7,37,0,49,0,0,0
765,0,4,0,0,0,0,0,0,2,0,0,0
766,0,0,0,0,73,0,1,0,0,0,0,27
767,0,12,0,1,16,4,0,8,0,0,0,0
768,0,30,0,16,107,35,149,8,0,1,0,0
769,5,59,0,109,8,4,5,0,0,0,0,592
770,0,21,0,0,44,0,7,0,8,0,0,309
771,0,36,0,104,6,50,4,0,0,0,0,1684
772,0,80,0,11,0,0,2,30,0,0,0,0
773,0,35,0,39,23,13,3,23,10,7,0,13
774,0,25,0,11,46,7,68,19,0,19,0,0
775,0,9,0,8,5,26,0,0,0,0,0,6
776,0,23,0,6,47,158,6,0,2,0,0,0
777,0,26,0,11,88,82,50,5,6,21,0,0
778,0,26,0,1,8,0,2,0,2,0,0,0
779,0,1187,8,94,139,39,64,16,18,3,0,0
780,34,1382,7,428,585,274,181,75,48,57,0,46
781,0,360,35,94,101,37,30,10,0,34,0,11
782,0,2184,9,128,72,11,28,5,0,103,0,37
783,48,1879,17,794,242,162,165,65,6,33,0,150
784,0,943,0,41,66,31,8,0,32,12,0,374
785,3,578,0,58,149,25,30,5,9,15,0,312
786,0,385,0,15,40,1,233,13,13,0,0,19
787,0,146,0,20,54,15,3,0,0,0,0,90
788,0,7,0,10,21,13,3,0,0,28,0,288
789,0,422,167,591,228,131,4,5,39,30,0,777
790,0,130,5,12,19,19,0,0,0,0,108,494
791,0,41,0,2,90,21,26,0,616,0,0,0
792,15,1249,1006,49,109,284,111,32,30,529,0,33
793,3,1486,21,110,189,22,14,9,12,18,6,36
794,0,1559,3,30,71,43,24,188,0,4,0,9
795,0,1398,46,99,544,248,35,0,108,5,0,194
796,10,90,4,10,82,3,35,0,3,10,0,38
797,0,19,0,15,44,2,54,11,3,48,0,0
798,0,128,0,63,38,50,29,3,1,4,0,0
799,2,726,21,22,65,1,7,0,24,3,0,0
800,0,7,0,5,21,10,6,3,0,2,0,0
801,4,8,0,7,12,13,7,0,4,0,0,0
802,0,20,0,9,13,26,65,47,3,0,0,0
803,0,21,0,82,74,176,86,280,65,77,0,8
804,0,16,0,21,38,19,20,1,1,63,0,0
805,0,12,0,2,5,6,0,0,0,0,0,0
806,0,128,0,7,83,141,4,0,181,0,0,258
807,0,531,0,7,2,1879,8,0,8,0,0,550
808,0,583,0,18,37,4147,14,4,34,28,0,3192
809,3,171,0,7,56,49,17,8,0,9,0,35
810,0,112,0,15,37,570,133,3,0,20,0,0
811,0,7,0,4,3,0,1,0,0,6,0,0
813,0,0,0,0,7,2,0,0,47,0,0,0
814,0,1569,14,502,11,0,6,3,0,104,0,112
815,0,57,0,28,36,11,6,0,0,12,0,0
816,0,141,0,18,34,85,12,63,0,0,0,1
817,0,115,0,5,8,19,142,15,63,0,0,0
818,0,210,0,332,59,6,0,0,0,0,0,1298
819,0,18,0,42,30,356,1,0,163,0,0,43
820,0,3,0,4,11,6,20,2,12,0,0,0
821,0,0,0,0,8,1,0,0,27,0,0,0
822,0,0,0,0,6,0,3,0,0,0,0,0
823,0,12,0,103,10,6,18,0,0,10,0,0
824,0,4,0,3,15,0,0,0,0,0,0,0
825,4,5,0,23,12,4,2,0,0,5,0,0
826,0,7,0,17,8,21,3,12,0,2,0,0
827,0,1,0,1,1,4,16,0,174,0,0,120
828,0,0,0,0,0,0,7,0,0,0,0,0
829,0,53,0,5,9,15,0,10,2,0,0,0
830,0,0,0,0,3,0,0,0,2,0,0,0
831,0,6,0,15,1,0,6,0,0,0,0,0
832,5,15,0,0,13,15,7,0,0,0,0,0
833,0,4,0,3,1,0,0,0,0,3,0,0
834,0,0,0,0,0,0,3,0,0,0,0,0
835,0,4,0,0,0,2,0,0,0,0,0,0
836,0,0,0,2,0,0,0,0,0,0,0,0
837,0,3,0,0,0,3,0,0,0,0,0,0
838,0,15,0,18,19,10,13,3,33,0,0,10
839,0,11,0,3,305,30,2,0,0,8,0,0
840,0,4,0,3,5,1,0,0,0,0,0,0
841,0,15,0,13,3,74,3,0,70,0,0,0
842,0,0,0,0,21,0,0,0,0,0,0,27
843,0,16,0,0,12,3,1,0,0,4,0,0
844,0,8,0,5,4,0,7,3,2,0,0,0
845,0,10,0,17,7,26,6,1,0,0,0,0
846,0,10,0,4,9,0,1,0,0,0,0,0
847,0,0,0,0,9,0,0,0,166,0,0,7
848,0,2,0,5,2,0,0,0,0,0,0,0
849,0,0,0,0,3,5,2,0,32,0,0,0
850,0,0,0,5,2,0,2,0,0,0,0,0
851,0,5,0,0,3,0,0,0,0,0,0,0
852,4,7,0,9,9,22,4,0,72,0,0,0
853,0,5,0,16,5,2,0,2,1,10,0,0
854,0,0,0,46,0,0,1,0,0,0,0,0
855,0,4,0,8,2,5,2,0,0,0,0,0
856,0,0,0,0,4,0,0,0,0,0,0,0
857,0,29,0,2,5,22,0,0,27,0,0,0
858,0,42,0,3,71,39,64,0,0,0,0,8
859,0,22,0,6,4,8,3,0,0,2,0,0
860,4,319,0,709,15,1,246,195,0,168,0,0
861,0,10,0,3,4,4,16,10,2,0,0,0
862,0,0,0,3,8,0,0,0,0,0,0,0
863,0,0,0,9,0,0,0,0,0,0,0,0
864,0,1,0,0,5,0,0,2,0,0,0,0
865,0,104,0,5,3,0,7,0,0,0,0,0
866,0,0,0,13,2,9,2,0,0,0,0,0
867,3,75,0,258,21,146,74,37,0,25,0,0
868,0,0,0,3,2,6,2,0,28,0,0,0
869,0,3,0,3,0,0,0,0,0,0,0,0
870,0,47,0,326,50,40,406,37,10,26,0,78
871,0,40,0,7,16,0,0,0,0,0,0,0
872,0,7,0,5,4,0,1,0,110,3,0,0
873,0,4,0,4,10,1,0,0,51,0,0,0
874,0,20,0,5,11,162,14,15,3,1,0,54
875,0,11,0,3,237,39,46,0,12,20,0,0
876,0,4,0,2,14,352,6,0,0,0,0,8
877,0,2,0,30,0,1,5,0,0,0,0,0
878,0,66,0,26,248,75,33,21,38,6,0,0
879,0,2,0,4,27,0,15,0,0,0,0,0
880,0,6,0,7,0,0,0,0,0,0,0,0
881,0,7,0,0,30,0,0,0,0,0,0,0
882,0,2,0,11,14,9,0,0,0,0,0,0
884,0,25,0,0,17,0,3,0,0,0,0,0
885,0,6,0,1,9,0,9,0,0,0,0,0
886,0,20,0,3,2,0,0,0,0,0,0,0
887,0,3,0,7,0,0,7,0,0,0,0,0
889,0,4,0,19,0,50,3,0,40,0,0,0
890,0,39,0,16,2,3,6,0,0,0,0,0
891,3,4,0,3,16,16,0,0,0,0,0,0
892,0,2,0,7,1,0,0,0,0,0,0,0
893,0,12,0,32,5,5,23,0,19,0,0,0
894,0,2,0,9,7,0,1,0,0,0,0,0
895,0,2,0,4,4,1,2,0,0,3,0,0
896,0,0,0,24,4,0,2,0,0,0,0,0
897,5,6,0,14,23,0,57,14,0,0,0,5
898,0,8,0,6,2,0,0,45,0,0,0,0
899,4,4,0,5,15,0,5,2,31,0,0,0
901,0,0,0,0,74,0,9,0,0,0,0,0
902,0,25,0,3,86,20,50,0,0,10,0,8
903,0,65,0,6,154,29,154,18,0,19,0,0
904,0,1,0,6,30,0,4,0,34,0,0,0
905,0,12,0,14,27,13,6,0,3,0,0,0
906,0,4,19,6,18,6,14,9,0,0,0,0
907,0,0,0,0,0,4,0,0,0,0,0,0
908,0,21,0,9,33,5,34,3,4,12,0,0
911,0,3,0,0,9,5,14,0,0,24,0,0
912,0,3,0,14,174,0,0,0,28,0,0,0
913,30,67,0,3,145,64,85,0,15,0,0,0
914,0,10,0,0,74,0,3,0,0,0,0,0
915,0,32,0,9,6,1,8,0,0,0,0,0
916,0,0,0,5,4,0,0,0,0,0,0,0
917,0,0,0,12,0,0,0,0,0,0,0,0
918,0,0,0,4,13,1,0,0,1,0,0,0
919,0,27,0,4,77,49,30,0,134,4,0,12
920,0,0,0,0,0,0,2,10,0,0,0,0
921,0,9,12,8,2,0,0,0,0,0,0,0
922,0,0,0,0,3,0,0,0,0,0,0,18
923,7,0,0,0,0,0,0,0,0,0,0,0
924,4,0,0,0,0,0,0,0,0,0,0,0
925,0,5,0,18,49,11,54,2,13,0,0,0
926,0,21,42,5,1244,3,22,25,0,0,0,0
927,0,14,0,0,0,0,0,0,0,5,0,0
928,0,32,52,11,96,0,2,0,0,0,0,0
929,0,21,0,0,0,257,0,0,1,0,0,287
930,0,1,0,5,19,3,3,0,0,0,0,0
931,3,3,0,13,42,0,4,0,0,0,0,0
932,5,3,0,8,45,10,0,0,0,0,0,0
933,0,8,0,0,0,0,0,0,0,0,0,0
934,0,8,0,2,8,0,0,0,3,0,0,0
935,0,4,0,0,8,4,0,0,12,0,0,0
936,5,1,0,8,5,0,0,0,0,0,0,0
937,0,7,0,8,15,5,9,0,0,0,0,0
938,0,0,0,0,0,19,0,0,0,0,0,0
939,0,3,0,16,20,12,4,9,0,5,0,0
940,25,5,0,15,14,0,0,0,0,0,0,0
941,0,4,0,10,31,1,10,0,0,0,0,0
942,5,45,5,43,62,2,93,4,0,2,0,0
943,0,13,0,16,83,300,11,0,0,0,0,0
944,6,12,0,12,38,83,12,0,0,7,0,0
945,0,2,0,7,1,0,15,0,0,0,0,0
947,0,2,0,0,12,3,17,0,50,0,0,0
948,0,24,0,0,0,0,4,0,0,0,0,0
949,0,3,0,4,5,12,23,0,0,3,0,0
950,0,210,0,28,58,39,135,0,212,2,0,0
951,0,0,12,0,1,8,0,0,0,0,0,0
952,0,13,0,11,16,16,10,0,0,3,0,0
953,0,8,0,14,4,4,8,0,2,1,0,0
954,0,27,2,26,6,10,0,0,5,0,0,0
955,0,0,0,0,5,0,0,0,0,0,0,15
956,0,17,0,11,0,4,4,0,0,0,0,0
957,0,26,0,2,2,0,0,0,9,0,0,0
958,0,17,0,1,26,0,0,0,21,8,0,0
959,0,12,0,6,8,2,0,0,0,0,0,0
960,0,14,0,12,0,0,7,4,1,0,0,0
961,0,15,0,65,95,0,9,0,0,3,0,0
962,0,0,0,0,36,0,0,0,100,0,0,0
963,3,32,0,10,38,4,27,3,150,2,0,233
964,0,0,0,0,0,13,0,0,0,0,0,0
965,2,10,0,24,0,0,0,0,0,9,0,0
966,0,9,0,8,17,14,11,0,6,1,0,0
967,0,35,0,22,26,7,6,13,45,5,0,0
968,0,15,0,164,38,0,37,32,183,32,0,0
970,0,7,0,17,58,43,32,0,23,0,0,0
971,10,8,0,5,14,0,26,0,0,12,0,0
972,0,2,0,0,12,0,0,1,0,0,0,0
973,0,5,0,22,9,3,0,0,60,0,0,0
974,3,17,6,83,1,32,1,0,35,0,0,12
975,0,1,0,7,9,4,17,0,0,0,0,0
976,3,21,0,29,19,30,17,0,0,0,0,10
977,0,3,0,1,0,12,4,0,0,0,0,0
978,0,16,0,2,0,1,2,0,70,0,0,0
979,0,4,0,4,12,0,6,0,0,0,0,5
980,0,20,2,15,210,3,4,0,0,0,0,0
981,0,47,0,18,21,7,7,11,0,8,0,0
982,0,115,0,29,138,86,91,30,40,11,0,0
983,0,26,0,15,8,8,5,3,0,0,0,0
984,0,33,0,30,41,9,1,4,23,3,0,6
985,0,25,0,2,10,5,7,0,0,1,0,0
986,0,28,0,7,17,204,10,0,6,0,0,0
987,0,39,2,8,9,0,2,0,0,0,0,0
988,0,57,0,23,61,19,0,10,1,4,0,0
989,0,31,0,120,12,21,17,0,2,0,0,0
990,0,598,9,45,534,265,527,5,36,2,0,21
991,0,16,0,0,5,8,0,0,0,0,0,0
992,0,31,0,30,24,5,9,0,0,2,0,0
993,5,31,8,17,1,0,0,1,21,0,0,0
994,4,27,8,13,21,5,11,4,0,45,0,0
995,0,19,8,20,10,1,0,0,0,2,0,0
996,0,16,0,10,17,40,4,0,3,0,0,0
997,19,5,0,31,0,0,60,14,0,13,0,0
998,6,1,0,75,0,0,7,18,0,0,0,0
999,4,0,0,19,1,0,15,12,0,0,0,25
1000,0,15,0,29,25,0,23,0,0,0,0,0
1001,0,16,0,9,26,0,0,0,12,1,0,0
1002,0,14,0,11,20,3,16,0,15,0,0,0
1003,0,18,0,3,7,0,3,0,2,0,0,0
1004,0,2,0,0,1,20,0,0,0,0,0,0
1005,0,21,0,5,30,66,2,0,0,0,0,0
1006,0,0,0,5,12,0,0,0,0,0,0,0
1007,0,14,0,14,1,537,0,0,35,0,0,0
1008,0,45,0,6,3,15,5,2,0,5,0,0
1009,4,5,0,5,2,5,2,15,0,0,0,0
1010,2,22,0,6,15,10,10,0,15,0,0,0
1011,0,27,0,17,160,53,21,0,31,0,0,0
1012,0,8,0,28,0,31,3,0,2,0,0,0
1013,0,4,0,12,11,3,2,5,2,0,0,0
1014,1,13,0,35,4,6,0,0,1,0,0,0
1015,0,38,0,17,28,6,5,0,28,0,0,0
1016,0,21,4,17,4,4,0,0,0,0,0,0
1017,0,24,0,16,6,56,14,7,1,0,0,0
1018,0,27,0,0,4,0,7,0,1,0,0,0
1019,0,0,0,4,0,0,0,0,0,0,0,0
1020,0,12,0,16,12,7,0,0,0,0,0,7
1021,0,0,0,6,15,0,0,0,175,0,0,10
1022,0,16,0,17,4,3,0,2,5,0,0,0
1023,0,18,0,12,30,0,0,0,0,0,0,0
1024,0,0,0,3,3,0,0,7,48,0,0,0
1025,0,4,0,4,0,0,2,0,1,0,0,0
1026,0,6,0,6,61,19,0,50,0,2,0,0
1027,0,26,0,9,8,36,1,2,0,13,0,0
1028,5,16,0,10,37,1,0,0,0,0,0,0
1029,0,1241,35,106,665,165,310,73,100,163,0,0
1030,0,4,0,20,6,23,12,5,45,0,0,0
1031,0,31,0,6,5,6,0,0,61,0,0,6
1032,0,41,0,4,18,2,18,36,8,5,0,0
1033,0,13,0,7,19,20,12,0,5,0,0,0
1034,0,18,0,2,6,0,3,0,7,0,0,0
1035,59,301,0,100,362,195,116,9,12,29,0,0
1036,0,23,0,0,12,1,113,0,103,0,0,0
1037,0,24,0,17,38,0,1,0,45,0,0,10
1038,0,81,8,55,79,56,4,0,0,0,0,5
1039,0,27,6,13,64,11,23,4,37,9,0,0
1040,0,7,0,32,4,93,1,0,0,1,0,0
1041,0,16,0,15,2,105,3,0,0,0,0,56
1042,0,0,0,0,25,0,6,0,130,0,0,0
1043,0,10,0,6,9,0,0,0,46,4,0,0
1044,5,19,0,16,26,1,10,4,3,0,0,0
1045,4,82,0,33,117,16,68,0,35,19,0,0
1046,0,701,0,28,767,234,580,4,68,9,0,8
1047,0,5,0,4,5,0,0,0,0,0,0,0
1049,0,29,0,18,0,0,3,0,15,0,0,0
1050,0,7,3,14,0,2,2,0,84,0,0,0
1051,0,138,0,46,419,136,95,1,4,6,0,0
1052,0,3,0,5,0,0,3,2,0,0,0,0
1053,0,5,0,7,1,0,2,0,1,0,0,16
1054,0,7,0,3,25,18,2,0,44,0,0,0
1055,0,32,0,17,0,54,4,0,2,0,0,0
1056,0,16,0,5,3,0,0,0,0,0,0,0
1057,0,18,0,25,2,0,5,0,9,0,0,0
1058,0,5,0,12,0,0,0,0,1,0,0,0
1059,60,4,0,19,0,0,0,1,9,0,0,0
1060,0,3,0,13,26,20,3,3,384,0,0,0
1061,0,77,0,0,56,22,15,0,0,0,0,0
1062,0,6,0,6,0,0,0,0,0,0,0,0
1063,0,15,0,24,3,2,3,0,0,0,0,0
1064,0,1,0,0,0,0,0,0,1,0,0,0
1066,3,0,0,7,14,1333,35,1,15,0,0,0
1067,0,69,0,37,84,16,84,0,0,0,0,36
1068,6,138,3,36,13,210,13,7,10,3,0,0
1069,0,29,0,53,25,26,1,6,70,10,0,11
1070,0,2,0,0,2,3,0,0,0,0,0,0
1071,0,306,17,105,471,687,123,4,22,16,0,26
1072,0,136,1,38,267,19,43,0,0,0,0,0
1073,0,19,0,3,2,3,2,8,2,5,0,0
1074,0,3,0,14,2,4,0,0,0,1,0,0
1075,0,9,1,10,62,22,5,0,7,0,0,0
1076,0,5,0,16,23,0,13,0,1,0,0,0
1077,0,59,0,208,37,5,45,0,2,0,0,0
1078,0,14,0,30,18,2,15,0,0,2,0,0
1079,0,37,0,29,29,44,22,0,15,19,0,0
1080,0,15,0,42,9,0,0,0,2,0,0,0
1081,0,33,2,12,123,105,94,9,97,6,0,108
1082,5,360,0,105,755,187,931,29,55,45,0,0
1083,0,4,0,1,4,0,21,5,0,0,0,0
1084,0,24,2,13,15,7,5,0,0,0,0,0
1085,0,16,0,33,5,35,3,0,0,0,0,0
1086,0,11,0,8,1,2,0,0,0,3,0,0
1087,0,0,0,4,6,29,4,0,0,0,0,0
1088,0,42,0,13,268,260,223,0,22,0,8,33
1089,0,12,0,35,53,0,98,0,20,0,0,0
1090,0,9,0,1,9,0,2,0,31,0,0,0
1091,0,1,0,1,1,0,4,0,42,0,0,0
1092,0,15,0,5,1,42,8,0,1,0,0,0
1093,0,3,0,0,32,21,4,0,9,4,0,0
1094,0,17,0,20,8,0,6,0,4,0,0,5
1095,0,15,0,15,0,82,11,0,5,0,0,0
1096,0,54,0,7,37,256,6,0,0,0,0,12
1097,0,17,0,13,31,33,22,0,2,0,3,13
1098,0,67,0,2,133,284,241,2,0,10,0,0
1099,0,6,0,16,16,0,0,0,0,0,0,0
1100,0,18,0,14,15,3,0,0,44,3,0,0
1101,0,6,0,20,60,11,3,0,0,0,0,0
1102,0,6,0,0,29,1,0,3,15,0,0,0
1103,0,14,0,7,41,13,6,1,2,0,0,0
1104,0,13,0,16,8,0,13,0,0,0,0,0
1105,0,22,0,32,2,1,1,0,180,10,0,0
1106,3,28,8,16,43,16,65,0,12,3,0,0
1107,5,8,0,7,7,2,2,0,0,0,0,0
1108,0,3,3,9,65,1,1,5,50,0,0,0
1109,0,10,0,25,1,7,3,1,62,0,0,0
1110,0,6,0,11,18,2,12,6,0,0,0,0
1111,0,36,0,24,178,18,87,0,1,9,0,8
1112,0,3,0,10,0,0,2,0,0,3,0,0
1113,0,52,0,53,45,26,22,12,0,5,0,0
1114,0,15,0,20,1,5,13,1,5,0,0,0
1115,0,2,0,42,8,0,2,0,0,0,0,8
1116,5,0,0,21,52,3,10,0,0,3,0,0
1117,0,0,0,9,17,4,0,0,3,0,0,0
1118,0,0,0,6,0,0,0,0,0,2,0,0
1119,0,32,0,16,10,0,0,20,0,0,0,0
1120,0,8,0,18,4,16,0,0,0,0,0,0
2000,0,4,0,19,7,0,0,0,20,0,0,0
2001,0,0,0,0,0,0,5,0,0,0,0,0
2002,0,7,0,0,40,0,0,0,0,0,0,0
2003,5,3,0,0,2,0,0,0,0,2,0,0
2004,0,1,0,0,0,1,0,0,0,0,0,0
2008,0,0,0,0,0,0,0,0,0,7,0,0
2010,0,2,0,0,0,0,0,0,0,0,0,0
2013,0,0,0,0,1,0,0,0,15,0,0,0
2015,0,0,0,2,0,0,0,0,0,0,0,0
2017,0,0,0,0,3,0,0,0,0,0,0,0
2020,0,0,0,0,1,0,0,0,0,0,0,0
2035,0,0,0,4,74,0,2,0,0,0,0,0
