GEOID,gq_pop,hh_child,hh_pop,hh_senior,hh_tot,inc_med,inc10,inc100,inc125,inc15,inc150,inc20,inc200,inc200p,inc25,inc30,inc35,inc40,inc45,inc50,inc60,inc75,veh_tot,veh0,veh1,veh2,veh3,veh4,veh5
150030001061,5,195,1697,771,824,71250,0,67,174,72,43,27,32,89,29,37,15,89,0,28,26,96,736,361,247,171,33,12,0
150030001062,0,716,3019,643,1185,104205,57,250,202,0,44,14,242,206,13,14,22,0,0,26,36,59,2284,42,316,544,252,31,0
150030001063,0,300,1650,266,591,149247,12,45,64,0,123,0,144,128,0,0,0,0,0,0,31,44,1126,0,178,322,60,31,0
150030001064,0,270,1626,319,545,122448,0,39,35,0,93,0,60,119,13,44,0,0,15,14,28,85,1571,0,94,197,43,126,85
150030001071,0,398,1309,186,408,105833,10,109,59,0,38,0,50,66,5,0,0,0,14,0,11,46,926,5,79,183,98,33,10
150030001072,0,154,792,274,250,141471,5,31,11,0,17,7,51,67,0,5,0,12,5,15,9,15,572,0,32,139,60,13,6
150030001073,0,95,577,132,190,184868,0,2,17,0,13,5,49,77,5,0,0,6,0,0,5,11,435,5,16,128,17,8,16
150030001081,0,349,1904,419,814,101351,21,47,165,0,51,47,88,123,9,33,23,17,7,17,87,79,1530,42,179,428,165,0,0
150030001082,0,105,1047,227,396,141622,0,31,53,0,65,9,62,116,0,23,18,0,0,0,0,19,841,0,58,255,59,24,0
150030001101,0,332,1094,210,312,162000,0,23,36,0,7,12,89,82,19,8,0,0,0,0,10,26,795,0,30,153,93,0,36
150030001102,0,201,1170,370,463,145341,28,17,33,7,63,6,68,154,9,10,8,9,0,10,23,18,927,13,85,263,92,10,0
150030001103,15,383,1905,359,612,112639,0,104,55,0,54,0,91,116,15,7,9,0,9,11,68,73,1315,0,105,372,100,22,13
150030001111,6,393,1889,419,593,141036,7,71,65,15,99,0,98,148,0,0,6,0,11,10,28,35,1487,0,50,262,222,48,11
150030001112,0,533,2242,530,692,101270,38,75,132,8,62,0,102,81,7,0,52,16,42,15,47,15,1531,29,145,314,110,68,26
150030001113,14,99,454,109,128,213250,0,14,18,0,17,0,0,70,0,0,0,0,0,9,0,0,266,12,16,59,32,9,0
150030001121,0,170,1077,323,323,140391,0,12,13,0,120,0,64,56,0,0,15,13,21,0,9,0,830,0,45,132,63,83,0
150030001122,0,584,2499,603,1033,116250,30,171,135,23,105,17,156,207,19,0,0,17,0,0,31,122,1814,19,376,530,90,0,18
150030001123,26,300,1796,516,573,126161,10,37,69,0,84,12,131,78,12,50,0,12,26,15,20,17,1147,12,147,272,112,30,0
150030001141,0,379,1562,419,474,175833,13,44,54,0,43,0,47,220,4,14,2,3,5,0,8,17,1039,15,100,194,109,56,0
150030002001,12,171,790,119,254,145156,0,7,31,0,23,0,74,38,0,0,9,0,9,13,42,8,500,7,68,119,53,0,7
150030002002,0,157,660,147,215,153583,0,28,21,0,8,0,69,64,0,0,9,0,0,0,0,16,502,0,43,104,31,27,10
150030002003,0,103,878,296,299,95625,0,65,41,11,45,0,7,52,10,9,23,11,0,0,14,11,650,0,63,121,115,0,0
150030002004,33,384,1724,372,493,137969,5,55,72,0,31,0,60,164,0,10,9,16,17,8,8,38,1156,10,75,220,126,47,15
150030002005,45,243,1222,215,425,118938,0,29,142,21,59,0,38,81,0,0,9,0,7,16,23,0,844,11,109,203,83,15,4
150030003011,5,260,1100,234,359,119464,30,18,50,8,11,0,102,48,9,0,0,10,0,18,27,28,730,19,51,206,65,18,0
150030003012,0,256,2058,437,692,158750,31,60,78,0,66,10,70,292,0,10,9,10,0,9,29,18,1586,25,127,284,157,75,24
150030003021,0,123,1091,316,343,118125,0,84,48,0,79,0,51,20,0,0,0,0,9,0,20,32,840,13,56,116,114,20,24
150030003022,0,188,551,101,157,176719,0,0,14,1,2,0,36,76,0,0,18,0,0,0,10,0,395,1,18,55,65,18,0
150030003023,28,257,1250,413,400,138654,0,61,11,0,34,12,72,111,7,0,29,12,0,32,12,7,797,22,109,143,102,24,0
150030004011,74,433,2367,831,945,130188,17,98,50,22,71,41,158,272,17,8,35,14,0,17,50,75,1942,35,243,407,169,77,14
150030004021,0,350,2016,449,640,162000,5,17,58,24,67,7,162,247,0,0,6,0,0,19,9,19,1615,0,74,293,199,20,54
150030004022,0,333,1671,474,625,154028,0,72,51,0,31,0,119,218,40,0,15,0,7,27,30,15,1337,0,137,321,130,17,20
150030005001,0,130,755,178,248,133571,13,51,21,0,18,0,67,45,0,12,0,0,11,0,10,0,518,0,57,155,17,5,14
150030005002,0,19,331,194,174,NA,11,12,10,0,28,0,20,11,10,11,50,0,0,0,0,11,317,0,83,72,8,0,11
150030005003,0,132,1151,367,363,123661,38,10,39,0,23,12,30,121,0,12,39,0,0,0,12,27,835,12,60,163,88,15,25
150030005004,0,159,820,157,299,134458,9,44,10,0,47,8,75,68,8,0,30,0,0,0,0,0,671,0,65,139,63,21,11
150030005005,0,114,553,127,214,NA,10,9,19,0,12,41,16,89,11,0,0,0,0,0,0,7,465,0,39,120,48,0,7
150030006001,0,0,0,0,0,NA,0,0,0,0,0,0,0,0,0,0,0,0,0,0,0,0,0,0,0,0,0,0,0
150030006002,0,212,1319,327,486,132857,18,57,59,0,47,0,40,181,31,0,18,5,0,0,10,20,1107,24,50,208,175,29,0
150030007001,24,314,1573,425,482,105909,12,61,45,21,62,20,73,65,9,0,13,18,0,18,30,35,1074,31,114,167,102,20,48
150030007002,45,159,955,168,325,107802,0,21,71,0,21,47,29,45,13,9,10,0,6,10,16,27,645,20,115,87,56,47,0
150030007003,0,60,574,152,204,93214,0,35,18,0,38,10,20,16,0,0,0,16,8,0,21,22,451,12,63,66,9,41,13
150030008001,12,188,1138,221,394,82105,8,68,63,7,25,22,10,63,13,10,26,32,11,0,15,21,678,41,133,143,58,10,9
150030008002,0,86,1012,324,361,92179,0,66,58,25,6,13,50,39,0,0,11,9,13,0,32,39,714,0,147,127,55,12,20
150030008003,0,109,862,197,319,79125,0,30,48,9,10,0,35,43,0,0,10,25,23,0,46,40,607,0,117,150,31,8,13
150030008004,122,56,271,46,85,119598,0,11,35,0,18,0,0,13,0,0,0,8,0,0,0,0,215,0,0,70,0,0,15
150030009011,0,237,1144,308,445,101458,8,35,62,10,17,0,99,55,20,5,0,0,0,34,67,33,865,8,180,150,51,48,8
150030009012,0,169,1487,618,772,70982,46,166,39,39,25,0,69,65,17,31,19,18,62,0,60,116,868,174,369,188,41,0,0
150030009021,24,532,3026,851,1045,123893,37,78,112,14,135,0,149,223,6,12,0,22,49,31,107,70,2158,49,224,543,139,46,44
150030009022,86,181,1035,203,328,136042,0,62,42,0,60,0,41,84,0,0,0,7,8,0,13,11,705,18,64,158,27,61,0
150030009031,0,262,1596,403,497,91115,35,85,25,0,19,26,45,139,15,8,7,7,0,16,10,60,1068,14,147,207,53,54,22
150030009032,0,163,1427,271,511,86294,0,162,53,0,16,0,39,62,36,0,9,15,6,11,44,58,1092,16,154,178,88,66,9
150030010001,136,155,1260,331,451,74539,74,36,90,2,25,20,51,20,12,10,9,11,11,7,19,54,827,48,159,128,52,64,0
150030010002,0,276,2047,427,595,94432,11,97,35,0,45,13,103,105,27,30,20,21,0,29,26,33,1380,32,122,265,59,38,79
150030011001,0,363,1560,239,503,38295,69,22,35,14,44,38,40,9,80,11,11,36,22,0,10,62,708,104,142,205,52,0,0
150030011002,8,287,1847,422,621,51490,0,33,21,52,65,20,28,18,6,21,35,92,21,48,73,88,971,143,198,120,123,29,8
150030012011,0,114,1305,229,502,77500,30,87,70,34,9,0,58,42,53,26,9,39,0,0,36,9,929,36,195,122,106,43,0
150030012012,0,362,1922,426,560,93125,0,62,65,7,31,0,78,73,9,0,7,35,31,11,66,85,1142,40,182,183,61,64,30
150030012021,21,312,1717,370,555,77875,0,84,40,0,75,19,44,53,10,7,61,39,26,49,24,24,1025,16,216,210,63,50,0
150030012022,11,98,1056,254,386,66591,30,13,67,0,33,9,46,9,25,25,0,30,8,35,0,56,689,36,166,86,48,43,7
150030013001,0,195,1321,237,494,50833,18,23,34,7,68,9,31,42,10,34,50,19,33,47,60,9,822,24,187,241,23,11,8
150030013002,86,169,1215,249,371,103125,0,23,70,9,27,14,78,16,12,0,14,7,10,7,42,42,774,17,93,134,95,32,0
150030013003,0,66,879,240,312,76875,0,65,18,0,24,0,38,29,14,10,0,8,10,51,37,8,548,41,146,46,26,43,10
150030013004,46,115,1009,202,362,60469,18,18,17,15,32,7,32,35,52,9,25,26,5,7,14,50,490,76,152,81,36,17,0
150030014001,0,294,1474,290,462,101000,5,57,69,10,46,9,77,41,8,0,44,10,5,7,19,55,941,16,141,178,81,32,14
150030014002,0,115,1242,262,414,88750,9,38,40,5,41,30,60,53,19,5,10,4,5,14,36,45,781,24,106,208,45,31,0
150030015001,6,147,1337,350,467,81908,33,53,77,0,31,8,70,41,12,8,0,16,18,35,35,30,872,50,175,148,36,25,33
150030015002,0,93,995,213,361,120050,13,25,63,0,47,0,76,25,0,0,25,0,55,0,9,23,644,38,85,176,41,21,0
150030015003,0,91,929,222,325,113661,24,22,82,0,12,0,70,27,17,0,0,15,0,21,0,35,579,22,112,111,75,5,0
150030016001,13,409,2067,361,655,67014,59,32,57,9,56,5,91,88,3,33,4,44,40,17,99,18,1182,42,211,295,58,38,11
150030016002,0,189,1124,204,400,95750,8,139,49,9,26,0,51,39,0,15,10,0,0,0,39,15,835,23,74,156,139,8,0
150030016003,21,70,676,101,253,62279,0,46,8,0,8,18,17,46,17,8,0,34,0,34,0,17,505,18,73,80,69,0,13
150030017001,0,63,627,205,411,94076,10,110,49,15,10,9,35,87,9,0,6,9,0,19,26,17,600,49,223,80,33,19,7
150030017002,0,252,1135,202,598,76429,18,99,64,0,32,42,8,100,34,0,8,9,42,7,50,85,832,27,400,119,16,34,2
150030018011,69,19,552,171,384,45435,74,47,19,25,0,20,11,34,11,18,16,6,18,29,21,35,213,217,128,32,7,0,0
150030018012,0,54,421,79,235,75781,5,38,45,25,0,32,19,18,15,0,0,10,6,8,9,5,163,87,133,15,0,0,0
150030018031,0,99,1264,356,766,50417,39,81,78,68,32,69,11,10,81,42,28,17,0,31,74,105,478,338,388,30,10,0,0
150030018032,0,73,724,94,463,27083,80,30,41,91,0,6,13,12,47,17,0,16,36,6,17,51,306,251,130,70,12,0,0
150030018033,0,38,742,63,409,56654,51,79,49,10,11,0,10,0,5,27,13,57,0,8,45,44,341,126,225,58,0,0,0
150030018041,0,227,1371,283,765,60378,58,116,51,17,48,19,4,65,0,89,74,12,66,34,7,105,694,201,434,130,0,0,0
150030019011,0,5,245,104,164,72000,21,53,6,0,0,22,5,16,0,0,11,0,0,0,15,15,115,60,93,11,0,0,0
150030019031,0,226,2245,678,1151,96953,37,146,165,52,89,47,149,149,53,41,9,0,27,9,49,129,1239,146,817,156,18,14,0
150030019032,0,53,680,28,353,70411,26,29,30,0,28,17,10,16,0,44,11,0,39,8,19,76,308,131,136,86,0,0,0
150030019041,0,48,1486,428,915,71755,62,110,96,31,32,66,93,111,17,35,18,0,19,32,90,103,1072,127,524,244,20,0,0
150030019042,0,16,1478,301,1020,49511,118,102,158,0,0,0,126,31,115,48,77,49,16,104,40,36,938,244,646,114,0,16,0
150030020031,221,80,558,27,318,50952,16,21,17,44,12,24,8,0,0,20,0,25,18,4,103,6,169,171,133,6,8,0,0
150030020032,0,77,1034,295,670,54242,54,73,42,31,42,13,16,8,62,3,39,54,5,51,71,106,588,175,432,44,8,11,0
150030020041,0,78,1220,156,707,46994,95,102,55,10,0,34,5,11,33,40,19,56,33,54,62,98,566,219,410,78,0,0,0
150030020051,0,57,680,90,431,48750,34,57,18,7,9,22,7,6,57,31,54,0,6,9,91,23,264,189,220,22,0,0,0
150030020052,0,42,978,81,589,55125,94,63,99,0,8,23,57,0,16,0,24,37,37,9,64,58,605,153,295,113,28,0,0
150030020061,0,154,1267,232,762,54028,65,131,63,44,42,47,14,32,17,51,45,18,69,14,35,75,523,340,321,101,0,0,0
150030020062,0,27,446,83,271,48482,16,71,0,10,0,7,8,6,43,12,12,21,9,14,42,0,216,63,200,8,0,0,0
150030021001,7,175,1463,275,748,54457,90,170,52,18,35,16,8,9,30,7,16,70,39,8,124,56,933,78,479,139,32,20,0
150030021002,35,273,1989,305,946,44881,27,32,64,26,91,47,21,16,95,36,62,104,77,42,90,116,1059,227,429,252,26,12,0
150030022011,0,180,1436,389,865,58229,63,140,28,112,42,19,36,82,0,65,8,25,0,52,114,79,959,147,477,241,0,0,0
150030022012,54,278,2095,361,887,52908,88,95,52,54,75,30,18,36,63,56,21,18,71,35,64,111,993,169,469,232,8,9,0
150030022021,0,0,94,0,34,NA,0,34,0,0,0,0,0,0,0,0,0,0,0,0,0,0,20,24,0,10,0,0,0
150030022022,148,510,3297,651,1501,76850,63,276,158,20,158,27,134,43,0,49,111,87,55,60,86,174,1837,176,858,422,45,0,0
150030023001,0,279,1345,153,515,55461,88,52,30,0,15,16,33,22,35,31,28,0,0,0,106,59,699,30,354,70,39,22,0
150030023002,0,56,831,147,417,46344,95,12,56,31,37,0,41,0,0,30,15,16,0,54,0,30,561,63,184,133,37,0,0
150030023003,0,160,945,89,483,40050,114,6,16,12,15,0,0,12,68,46,0,0,75,19,44,56,368,214,171,97,1,0,0
150030023004,0,250,1416,176,683,50897,79,145,14,0,41,81,0,0,44,55,13,27,13,13,59,99,765,117,381,171,14,0,0
150030023005,28,108,1013,131,486,52054,80,40,0,0,16,0,80,0,0,0,95,15,14,16,78,52,651,14,293,179,0,0,0
150030024011,0,105,704,84,375,30486,90,13,19,55,0,15,10,8,11,13,30,6,44,16,23,22,313,128,181,66,0,0,0
150030024012,0,481,1695,145,646,51667,32,71,14,31,18,32,32,39,0,19,73,36,30,52,27,140,828,99,347,158,3,39,0
150030024013,0,259,1013,123,422,56979,7,23,124,41,18,34,0,5,12,17,0,12,26,0,67,36,429,119,177,126,0,0,0
150030024021,0,256,1783,190,866,51917,72,74,28,60,89,47,0,12,0,71,36,66,28,30,79,174,971,140,481,245,0,0,0
150030024022,0,166,1483,291,753,53411,87,86,83,60,37,15,52,0,18,10,42,15,82,0,92,74,723,232,352,157,5,0,7
150030025001,0,207,1502,224,699,56023,54,51,95,28,70,0,71,23,46,108,21,11,29,0,74,18,781,171,367,90,50,21,0
150030025002,23,251,2508,597,1221,26900,216,66,111,132,41,91,34,17,94,102,34,53,98,59,35,38,1043,494,472,208,40,0,7
150030026001,214,189,996,161,366,51250,37,23,40,21,23,9,15,6,8,8,49,11,9,27,18,62,491,87,144,72,49,14,0
150030026002,71,89,889,132,450,NA,24,73,29,136,22,0,30,0,20,11,0,0,37,12,19,37,357,233,141,60,0,0,16
150030026003,93,142,911,177,442,67778,16,75,101,0,10,12,5,13,9,8,32,28,19,25,58,31,475,59,304,66,13,0,0
150030026004,52,185,1152,336,589,54583,35,115,36,23,9,0,30,19,61,8,62,19,37,15,64,56,538,164,312,113,0,0,0
150030027011,807,77,348,69,125,226250,23,0,6,0,4,0,8,72,7,0,4,0,0,0,1,0,254,7,9,82,27,0,0
150030027012,3225,0,127,3,76,46364,5,16,5,0,0,19,0,0,0,5,0,3,0,11,0,12,63,16,57,3,0,0,0
150030027013,54,221,993,169,372,52083,22,40,30,0,34,0,23,11,28,7,18,60,32,4,44,19,520,60,181,87,20,15,9
150030027021,363,221,1850,445,620,77813,32,113,11,0,28,0,99,112,0,0,35,18,32,16,42,82,1145,28,229,255,40,54,14
150030027022,0,153,1239,270,545,51597,0,54,88,16,25,18,15,13,70,0,71,17,31,38,18,71,639,70,326,134,15,0,0
150030027023,0,517,1908,252,773,68125,75,186,17,19,39,59,23,77,14,0,0,68,14,0,55,127,811,127,481,165,0,0,0
150030028001,47,147,1607,467,614,101429,11,82,83,12,68,8,40,120,38,7,26,10,23,6,53,27,1165,19,227,247,53,55,13
150030028002,0,367,2364,483,828,104773,10,75,121,0,93,18,107,147,17,33,0,47,8,10,28,114,1655,67,129,452,110,64,6
150030029001,21,486,2334,425,906,100417,20,249,90,7,78,17,144,142,0,11,0,14,0,0,19,115,1334,75,456,267,88,20,0
150030030001,86,185,875,277,316,96250,0,42,27,0,13,11,62,51,0,39,0,17,22,15,10,7,581,31,64,166,41,8,6
150030030002,99,166,1158,253,406,109239,28,37,32,0,27,12,72,88,0,7,33,8,17,0,22,23,707,53,124,123,87,19,0
150030030003,0,305,1217,181,357,130352,13,17,59,7,59,0,22,112,0,10,0,0,0,0,20,38,711,13,100,178,17,41,8
150030030004,0,219,1284,400,462,155278,0,91,9,10,16,8,63,169,0,7,9,10,10,0,23,37,954,0,137,203,90,19,13
150030031011,8,170,1845,612,562,112414,35,40,92,0,43,18,81,103,10,26,0,9,15,29,41,20,1293,0,169,176,123,67,27
150030031012,0,505,2498,692,782,120500,42,62,89,0,86,0,85,204,0,59,8,19,36,18,8,66,1665,10,236,291,171,46,28
150030031021,59,509,2530,790,771,124375,0,83,112,0,97,9,123,163,18,24,7,0,8,12,25,90,1699,36,139,370,151,8,67
150030031022,0,168,904,259,325,108090,34,14,62,0,6,10,41,70,9,0,10,9,18,15,0,27,727,0,50,202,34,24,15
150030032001,0,104,760,285,307,116902,5,22,57,0,9,4,34,98,13,0,0,21,3,14,0,27,625,8,103,108,51,32,5
150030033001,30,198,1277,366,418,125500,15,41,50,7,42,12,76,92,2,4,10,26,16,4,11,10,900,17,108,163,82,26,22
150030034031,0,309,1681,279,820,74773,57,143,130,52,18,33,54,61,15,0,15,65,21,43,45,68,1075,29,533,232,26,0,0
150030034032,3,22,748,225,386,56406,0,132,33,8,0,56,0,0,0,0,0,55,55,10,16,21,439,23,287,76,0,0,0
150030034033,0,284,1541,295,707,73203,15,119,128,17,67,22,13,15,77,33,46,29,43,0,39,44,862,59,434,214,0,0,0
150030034034,0,75,1453,374,833,70766,87,153,120,0,23,44,17,82,34,29,57,0,21,32,82,52,952,153,462,178,26,14,0
150030034041,0,152,1439,427,789,92788,25,113,136,0,60,0,106,37,26,26,91,17,0,23,118,11,1141,65,400,263,29,32,0
150030034042,12,278,1754,271,882,56389,14,98,59,24,0,11,12,11,51,83,117,30,64,0,90,218,1006,111,554,199,18,0,0
150030034043,252,106,1155,96,564,61563,40,59,48,27,51,23,0,0,0,48,28,38,25,39,9,129,711,67,342,96,59,0,0
150030034051,0,360,2124,383,1100,49186,87,144,67,10,42,16,24,24,33,118,51,124,42,83,71,164,1158,313,515,202,55,8,7
150030034052,0,215,1398,333,806,56776,51,130,67,9,43,64,32,37,32,17,31,17,60,70,63,83,838,109,562,129,6,0,0
150030034061,0,50,1131,132,685,52754,0,15,24,0,0,16,52,0,0,28,20,141,71,18,211,89,768,86,430,169,0,0,0
150030034062,0,425,2058,312,1010,44944,94,135,95,20,61,12,31,15,107,64,17,61,133,47,78,40,1028,112,768,130,0,0,0
150030034063,0,236,1798,460,779,54640,0,139,57,77,15,14,45,23,0,16,14,95,72,24,122,66,770,186,416,177,0,0,0
150030034064,0,49,872,209,473,54590,40,15,64,0,0,26,17,0,24,14,12,0,34,16,99,112,591,68,232,160,13,0,0
150030034071,75,42,845,463,538,77727,34,122,46,4,54,10,34,24,23,22,10,24,33,9,41,48,471,202,225,102,4,0,5
150030035011,27,132,909,196,468,45500,14,0,25,29,0,16,0,14,40,0,73,20,40,22,90,85,516,117,256,67,14,0,14
150030035012,5,166,1534,422,816,75313,73,118,94,28,24,11,38,138,42,32,0,12,11,82,28,85,916,156,458,181,10,0,11
150030035021,0,70,760,241,433,64152,16,57,41,28,17,0,45,24,15,17,0,30,43,11,18,71,424,64,314,55,0,0,0
150030035022,0,181,1530,326,780,41702,174,84,61,87,21,49,34,11,39,9,0,0,47,14,17,133,490,398,283,90,9,0,0
150030035023,29,129,1644,548,1002,43056,173,48,125,108,32,16,37,46,59,42,41,45,24,28,96,82,760,411,422,169,0,0,0
150030036011,17,238,1196,251,599,41652,59,110,24,78,10,8,6,0,46,82,0,8,28,24,25,91,488,225,294,67,6,0,7
150030036012,0,325,2602,475,1286,70909,109,188,144,40,66,18,104,102,53,74,14,27,75,59,59,154,1375,291,662,296,27,10,0
150030036031,0,97,1206,206,661,57031,74,101,88,33,9,46,25,0,26,37,54,0,39,15,15,99,652,98,474,89,0,0,0
150030036032,0,269,1752,665,1044,19286,310,51,60,153,28,69,0,44,71,39,32,0,39,29,43,76,493,621,353,70,0,0,0
150030036041,0,70,586,118,349,43281,33,41,15,9,0,18,10,0,0,31,11,47,31,17,55,31,261,108,221,20,0,0,0
150030036042,0,172,1696,340,937,43813,68,170,78,49,36,46,16,11,74,55,69,41,76,32,22,94,796,317,455,154,11,0,0
150030037001,0,66,318,0,121,83620,0,48,0,0,34,0,0,0,0,0,0,0,19,0,20,0,157,0,85,36,0,0,0
150030037002,0,268,2690,646,1449,105847,124,98,179,33,97,18,252,270,0,16,33,0,33,14,199,83,1803,144,822,468,15,0,0
150030037003,0,0,0,0,0,NA,0,0,0,0,0,0,0,0,0,0,0,0,0,0,0,0,0,0,0,0,0,0,0
150030037004,0,53,314,16,108,97889,0,45,0,0,0,15,16,0,0,0,0,0,16,0,16,0,170,31,0,61,16,0,0
150030037005,86,79,1373,246,727,60496,63,159,65,37,24,8,15,0,14,0,34,116,12,32,36,112,778,70,556,81,20,0,0
150030037006,0,92,393,165,196,56324,0,0,0,15,0,0,0,30,0,0,30,0,44,0,17,60,240,16,120,60,0,0,0
150030037007,0,200,1395,244,689,106610,63,93,135,18,62,18,109,114,0,19,0,0,13,28,0,17,965,50,313,326,0,0,0
150030038001,0,460,3362,654,1710,99808,26,324,240,14,110,0,242,259,139,0,0,0,93,29,112,122,2102,103,1148,441,9,0,9
150030038002,0,96,782,175,425,67781,20,63,37,0,18,68,47,12,0,0,0,18,29,0,11,102,563,0,299,114,12,0,0
150030038003,0,441,1631,498,795,24841,105,35,0,99,0,53,0,0,148,28,30,28,74,37,48,110,656,259,416,120,0,0,0
150030039001,0,0,261,140,244,31250,26,20,14,37,5,21,23,8,17,21,5,5,5,5,28,4,106,138,106,0,0,0,0
150030040001,46,26,536,169,350,57500,49,18,34,5,33,28,24,30,0,30,3,8,14,26,12,36,260,145,155,45,5,0,0
150030040002,0,65,663,148,346,125268,0,35,22,12,61,4,53,62,0,6,12,5,8,12,21,33,445,33,190,114,9,0,0
150030041001,0,103,1569,273,879,58772,23,91,34,44,34,96,15,38,38,12,66,0,0,11,178,199,1030,130,491,235,23,0,0
150030041002,8,303,1930,453,927,38786,0,142,45,7,25,113,30,0,45,89,25,218,32,22,78,56,892,175,628,108,16,0,0
150030041003,0,148,780,51,467,69911,26,37,111,0,15,12,2,0,25,0,0,14,45,41,57,82,525,26,357,84,0,0,0
150030042001,0,200,1428,416,843,64556,59,128,74,34,53,39,35,47,38,36,29,42,20,11,74,124,723,244,475,124,0,0,0
150030042002,0,206,1834,286,956,101800,74,72,109,32,88,23,110,189,26,12,7,0,0,40,69,105,1110,159,495,291,11,0,0
150030043001,43,340,2019,338,790,70755,45,129,39,14,22,61,154,0,10,16,17,29,39,24,95,96,1105,166,335,108,170,11,0
150030043002,0,581,2938,373,1113,89126,53,282,191,14,92,14,33,162,0,0,39,15,35,61,75,47,1610,152,462,424,23,29,23
150030043003,0,69,630,134,356,NA,66,15,0,39,0,63,0,0,13,12,0,30,33,10,31,44,169,236,79,33,8,0,0
150030044001,0,635,2997,547,721,112589,7,66,92,6,74,29,100,148,52,5,27,3,10,14,33,55,1700,37,173,233,134,74,70
150030044002,5,485,2632,726,836,74844,23,91,129,50,73,16,56,67,41,34,17,43,48,9,50,89,1580,74,262,345,59,50,46
150030045001,0,416,2014,544,584,131071,12,83,60,10,80,0,0,231,0,0,0,18,0,22,33,35,1268,10,128,286,109,14,37
150030045002,40,157,694,206,263,134018,0,43,54,0,28,0,51,61,0,13,0,0,0,0,0,13,484,13,102,78,54,16,0
150030045003,29,105,1058,236,360,129733,0,20,26,0,91,0,63,93,0,0,0,0,0,0,44,23,839,0,22,260,41,11,26
150030045004,42,383,2130,707,1042,100682,27,139,285,0,12,17,84,143,34,18,59,0,94,0,38,92,1293,176,487,331,48,0,0
150030046001,116,126,845,193,279,196375,8,26,55,0,12,0,28,135,0,0,8,0,0,0,0,7,674,16,56,91,72,0,44
150030046002,65,305,1665,428,522,108281,0,79,52,10,12,0,43,168,15,0,12,39,8,19,32,33,1060,32,122,184,166,18,0
150030046003,0,350,1327,290,392,125227,0,27,20,29,33,0,76,88,8,32,12,20,0,0,34,13,771,55,50,181,71,29,6
150030047001,0,152,663,129,173,120417,11,14,9,17,11,0,15,53,0,12,0,0,8,0,13,10,482,8,53,24,37,9,42
150030047002,0,469,2637,747,883,105945,47,122,68,0,81,36,116,192,22,12,0,25,44,0,35,83,1839,25,275,306,183,67,27
150030047003,6,155,614,142,181,107344,0,18,13,0,2,0,62,21,25,0,0,0,0,0,8,32,355,33,9,71,68,0,0
150030047004,29,189,908,201,241,71406,9,33,0,9,23,0,23,38,7,9,0,0,0,28,46,16,434,32,70,78,44,9,8
150030048001,603,73,597,149,165,98125,0,13,6,0,23,0,0,49,0,0,0,43,0,8,23,0,362,0,61,24,67,13,0
150030048002,0,221,1355,178,382,96875,95,87,23,0,74,0,25,6,0,0,27,8,0,0,7,30,693,70,104,143,0,22,43
150030048003,129,418,2383,354,640,85000,34,101,51,33,65,6,88,62,8,12,0,24,64,33,16,43,1436,53,136,221,109,87,34
150030048004,24,428,1899,412,446,115357,0,56,33,9,86,0,60,65,56,0,8,0,15,0,42,16,944,46,97,184,43,50,26
150030049001,17,273,1143,218,276,68864,15,28,32,6,34,0,31,2,13,0,12,6,6,17,33,41,601,13,90,80,63,2,28
150030049002,24,186,999,195,317,60260,18,53,18,19,6,26,12,14,9,15,0,0,43,21,5,58,440,85,77,121,19,11,4
150030049003,81,159,1134,277,324,76917,22,97,44,0,12,18,15,17,15,0,0,13,11,14,41,5,602,15,118,105,70,16,0
150030050001,152,132,764,140,255,74402,0,48,32,28,10,10,32,0,6,0,0,7,17,0,8,57,482,37,75,87,18,11,27
150030050002,0,134,1348,456,578,63636,29,59,45,114,52,9,8,71,0,32,8,16,39,8,24,64,775,118,238,149,53,20,0
150030050003,332,124,933,93,333,46453,56,17,8,0,27,0,8,6,0,14,41,0,34,37,50,35,363,93,159,39,42,0,0
150030050004,10,186,1003,123,363,76607,7,65,71,9,36,0,14,0,7,5,19,22,8,30,63,7,530,34,134,189,6,0,0
150030051001,0,246,1424,500,722,14189,182,6,9,215,0,116,0,0,19,48,40,30,14,9,22,12,403,369,315,26,12,0,0
150030051002,0,114,1653,334,862,82857,9,177,104,11,69,0,57,123,0,40,22,35,35,36,70,74,1034,82,553,200,27,0,0
150030052001,0,47,753,197,457,38750,85,52,8,39,14,22,11,0,10,54,10,9,13,16,75,39,406,101,306,50,0,0,0
150030052002,25,123,1696,523,850,22402,156,56,20,76,8,144,7,0,59,20,84,23,62,30,18,87,516,417,350,83,0,0,0
150030053001,0,286,2804,562,1075,37214,155,44,103,70,14,71,0,18,51,69,79,70,31,67,115,118,939,319,612,105,39,0,0
150030053002,28,184,1317,383,519,38365,18,23,86,94,8,81,9,0,25,8,11,65,0,16,15,60,410,240,157,113,9,0,0
150030054001,7,554,1461,157,432,22300,80,17,14,50,0,40,0,0,50,36,48,15,0,11,28,43,317,165,220,44,3,0,0
150030055001,4,80,696,101,213,71513,18,43,15,5,10,12,27,4,6,4,11,6,5,0,0,47,244,66,69,59,19,0,0
150030055002,0,308,1462,151,410,45125,89,39,35,12,0,0,10,9,39,18,10,25,11,39,37,37,408,122,212,40,28,8,0
150030056001,0,762,3708,508,712,90944,47,72,110,0,6,32,73,132,44,10,23,6,59,0,22,76,1461,74,247,152,86,133,20
150030056002,0,218,1080,131,284,58295,27,27,24,11,12,26,0,42,0,11,0,33,0,0,49,22,470,56,133,35,0,33,27
150030056003,53,121,1485,633,640,16731,180,19,19,104,28,79,18,28,40,56,6,22,3,0,38,0,508,361,153,68,39,6,13
150030056004,0,104,954,150,281,NA,18,0,36,44,15,0,49,23,23,0,5,8,0,32,13,15,524,8,120,77,54,22,0
150030057001,448,80,896,258,460,53333,30,32,24,18,21,12,33,18,12,48,38,10,39,20,17,88,479,123,224,98,8,0,7
150030057002,40,267,1157,110,452,38444,63,50,26,18,0,8,5,10,44,69,7,45,37,5,33,32,211,278,146,19,9,0,0
150030058001,0,188,917,176,369,33688,79,16,11,69,0,16,0,0,8,0,23,11,28,0,52,56,429,134,94,104,21,16,0
150030058002,0,438,2282,459,669,67991,41,121,6,9,28,25,23,41,0,0,70,0,48,64,23,170,830,126,311,177,55,0,0
150030059001,1738,178,636,96,175,63625,5,14,18,10,0,4,7,16,0,17,5,17,4,7,10,41,241,22,92,34,27,0,0
150030059002,0,247,1214,180,367,60417,8,76,12,22,15,31,18,5,10,23,8,22,8,5,46,58,507,75,153,112,8,4,15
150030060001,152,286,1326,137,351,59612,28,86,26,37,12,0,0,22,18,0,15,0,0,10,72,25,349,109,169,55,10,0,8
150030060002,23,594,2961,463,477,120764,15,54,44,6,75,0,71,80,0,43,8,0,0,0,48,33,1222,48,117,82,58,111,61
150030060003,0,500,2396,341,467,101118,0,89,54,0,149,0,18,21,21,17,8,0,25,30,8,27,1007,33,121,187,39,60,27
150030061001,69,263,1558,339,390,78152,15,74,24,17,46,4,22,46,0,17,12,10,34,5,13,51,541,118,104,105,36,16,11
150030061002,0,482,2426,291,427,122750,4,51,67,6,67,4,10,123,6,0,14,6,4,23,31,11,921,45,120,112,61,61,28
150030062011,91,574,2536,289,525,84115,38,58,47,16,22,38,137,48,0,6,3,4,0,18,8,82,1012,68,157,122,133,29,16
150030062012,24,747,2317,351,605,41141,13,64,6,38,0,49,41,30,88,35,24,45,43,18,39,72,847,99,332,91,41,12,30
150030062013,0,55,413,35,132,96875,16,18,33,7,0,0,14,16,0,0,0,0,17,0,0,11,224,16,45,41,23,7,0
150030062014,0,355,991,106,225,22091,18,33,15,0,0,51,33,0,65,10,0,0,0,0,0,0,222,97,67,28,33,0,0
150030062021,0,601,1476,111,340,36750,78,19,26,9,0,25,0,0,22,18,11,24,30,4,43,31,370,77,156,107,0,0,0
150030063011,76,275,1286,229,299,94306,9,28,33,10,52,0,15,37,10,3,0,14,25,6,15,42,648,14,70,111,77,10,17
150030063012,0,300,1640,297,273,115096,5,21,42,13,10,32,45,53,0,3,19,9,5,0,6,10,585,19,74,82,71,7,20
150030063013,0,315,1411,201,251,98563,0,62,30,4,20,5,39,25,0,22,5,0,6,12,16,5,626,34,30,75,38,50,24
150030063021,91,1136,2922,309,622,43261,41,30,57,22,5,55,15,29,17,63,70,30,29,23,50,86,844,157,214,170,46,29,6
150030064011,55,675,2450,271,419,97009,0,54,21,14,65,5,47,71,18,0,0,33,17,0,29,45,1084,5,76,148,95,60,35
150030064021,0,328,1705,325,392,95000,12,53,38,0,44,37,48,53,13,44,9,13,0,0,13,15,842,27,128,101,67,41,28
150030064022,120,266,2352,432,550,103750,33,55,41,0,48,0,111,75,25,0,0,37,0,49,20,56,1182,57,168,150,61,61,53
150030064023,26,437,2427,480,509,103977,0,80,94,0,69,12,25,73,33,0,0,0,6,11,85,21,1177,44,127,140,90,53,55
150030065001,5,267,1280,206,388,67321,0,45,33,17,29,0,37,41,12,19,7,19,0,29,55,45,792,22,102,168,66,7,23
150030065002,33,687,3461,475,688,126848,0,56,123,0,144,9,104,113,0,30,0,0,17,0,31,61,1821,30,136,149,163,172,38
150030066001,244,152,494,5,155,131719,6,31,20,0,42,0,25,16,4,0,0,0,11,0,0,0,391,0,16,84,17,34,4
150030067011,39,438,2047,575,633,118988,18,112,60,0,63,8,173,65,0,0,8,10,10,22,18,66,1419,9,102,330,125,60,7
150030067012,0,307,2008,719,724,75781,0,70,57,8,40,10,71,134,9,37,27,39,27,78,50,67,1547,35,154,360,96,40,39
150030067013,203,441,1939,433,468,113143,54,36,109,0,31,0,70,70,0,8,9,0,0,22,9,50,1326,0,59,153,110,103,43
150030067021,3,708,2638,311,1148,64615,86,181,146,33,49,29,25,73,64,48,103,58,83,17,31,122,1537,180,492,383,93,0,0
150030068021,124,400,2409,513,458,111818,0,85,69,0,6,2,46,137,7,0,8,0,14,42,14,28,1179,33,67,169,78,53,58
150030068022,0,646,2265,296,583,102691,22,77,79,34,73,11,19,125,13,17,0,19,13,6,24,51,1247,19,131,287,100,7,39
150030068023,105,592,3550,586,609,124028,8,106,86,0,115,0,59,120,7,33,0,6,0,26,8,35,1793,7,97,183,120,118,84
150030068041,0,360,778,0,222,50673,22,49,0,0,0,0,0,0,0,0,0,0,68,14,32,37,436,0,28,174,20,0,0
150030068042,0,1245,2811,24,831,66031,0,169,124,0,7,0,4,23,12,13,40,117,68,75,35,144,1454,17,292,418,90,14,0
150030068043,0,868,1881,19,487,68967,0,48,91,7,58,8,5,6,0,9,23,59,32,0,7,134,1005,0,97,287,78,25,0
150030068051,0,41,194,81,50,NA,0,0,0,0,0,0,23,0,0,0,0,13,14,0,0,0,110,0,13,14,23,0,0
150030068052,17,254,1552,520,594,89338,0,129,58,0,52,0,53,103,0,18,19,0,14,0,71,77,1238,0,253,177,46,97,21
150030068053,82,847,4354,730,1811,77375,135,176,317,50,165,0,181,114,73,0,36,79,70,29,95,291,2908,109,712,850,76,52,12
150030068061,23,324,1912,712,566,100909,0,123,80,5,75,0,51,81,18,0,0,23,6,20,25,59,1355,30,86,231,108,72,39
150030068081,0,369,2010,373,762,68600,45,149,135,27,31,0,41,0,24,26,12,37,29,0,103,103,1089,47,417,240,40,18,0
150030068082,0,104,988,210,499,53036,0,57,35,0,42,7,0,0,29,81,25,29,9,33,49,103,517,84,313,102,0,0,0
150030068083,0,410,1726,169,704,56646,67,103,58,18,8,28,43,0,57,7,12,33,15,54,75,126,1006,40,329,328,7,0,0
150030068091,0,594,3079,407,1011,77799,49,193,148,17,87,39,86,0,0,17,34,22,70,41,66,142,1370,102,523,322,53,11,0
150030068092,0,576,2599,336,1050,58125,71,183,121,11,77,24,17,0,87,59,39,25,68,70,89,109,1382,129,525,331,65,0,0
150030069001,0,1580,3421,49,935,72875,47,198,103,0,35,0,83,6,12,49,40,112,86,9,23,132,1603,0,371,471,82,11,0
150030069002,0,343,732,0,234,61071,42,34,30,2,5,0,24,6,0,7,13,0,6,23,21,21,449,0,75,110,42,7,0
150030070001,0,818,2278,0,796,58824,38,81,130,0,31,11,46,10,0,0,40,52,56,131,86,84,1127,12,473,283,24,4,0
150030070002,0,422,1509,0,586,60662,13,87,13,9,112,31,0,0,10,0,55,9,45,41,71,90,1082,0,150,394,24,18,0
150030070003,0,202,532,0,178,58864,9,14,10,6,0,4,9,0,0,0,19,33,1,11,11,51,233,0,132,37,9,0,0
150030071001,5,1492,3339,0,921,73885,12,113,172,15,51,0,106,2,19,28,24,82,34,39,88,136,1585,0,350,502,52,10,7
150030073021,0,1085,3159,22,1072,64327,24,209,63,0,45,0,45,65,61,29,46,128,107,16,60,174,1778,30,371,633,20,9,9
150030073022,0,1047,2323,0,590,102955,0,113,154,0,65,0,54,24,19,19,10,0,0,0,65,67,1082,0,109,470,11,0,0
150030073031,432,0,0,0,0,NA,0,0,0,0,0,0,0,0,0,0,0,0,0,0,0,0,0,0,0,0,0,0,0
150030074001,2391,1100,2822,48,836,82877,17,199,136,10,35,7,94,25,21,13,60,11,12,11,127,58,1530,18,242,446,124,6,0
150030075021,775,4,11,0,3,NA,0,0,0,0,0,0,0,0,0,0,0,0,0,0,0,3,6,0,0,3,0,0,0
150030075031,49,425,2954,600,852,124167,0,117,105,17,75,10,118,230,0,0,19,25,30,64,18,24,2099,27,186,301,136,127,75
150030075032,34,337,2185,409,682,111466,11,85,124,0,71,0,87,131,0,40,76,8,0,0,17,32,1565,19,136,288,141,75,23
150030075041,0,363,1599,267,374,77917,11,51,45,0,36,0,49,26,5,0,24,0,11,34,20,62,821,16,126,79,102,28,23
150030075042,0,608,1767,193,457,48750,20,25,56,61,27,18,20,35,24,0,56,11,11,31,31,31,619,122,190,68,45,17,15
150030075051,155,307,1964,528,542,114464,17,75,67,0,36,9,108,90,17,40,14,0,17,6,15,31,1228,19,132,237,54,59,41
150030075052,21,483,2716,468,691,117083,20,96,63,0,76,0,167,71,0,9,14,0,24,0,40,111,1679,35,86,320,124,85,41
150030075053,0,76,1052,95,476,85750,0,93,81,0,58,10,25,28,0,7,11,9,22,40,15,77,683,0,269,207,0,0,0
150030075061,0,434,807,10,192,116071,15,42,27,0,32,0,44,6,0,0,0,0,11,0,6,9,368,0,32,146,12,2,0
150030077011,0,505,2022,324,533,88375,9,124,38,0,49,0,64,39,27,25,17,42,18,43,18,20,1246,36,83,239,57,76,42
150030077012,20,197,1163,294,309,87344,27,51,62,26,16,9,17,39,21,0,0,0,7,8,9,17,628,26,122,60,55,17,29
150030077013,3,409,1160,105,303,89250,0,108,27,0,16,11,60,29,12,0,8,0,7,0,16,9,678,7,55,147,65,20,9
150030077021,11,90,279,55,91,NA,8,0,7,0,18,0,8,18,25,0,0,0,0,0,0,7,181,7,8,60,11,5,0
150030077022,24,520,2603,600,795,111875,0,99,139,31,88,0,54,197,0,52,8,33,25,21,11,37,1919,8,110,320,283,58,16
150030077023,0,469,2154,462,589,151406,39,45,56,0,42,15,207,101,0,0,13,15,11,0,14,31,1356,41,152,176,117,26,77
150030078041,0,452,2280,575,575,122250,8,39,101,4,114,0,69,88,8,29,9,5,5,25,29,42,1463,8,112,212,135,55,53
150030078051,26,421,2496,521,817,104943,8,48,177,8,114,9,61,109,0,23,26,55,0,0,72,107,1688,66,203,292,155,82,19
150030078052,17,359,2185,341,818,85179,0,188,103,7,105,29,61,22,8,52,30,7,20,44,61,81,1532,29,282,333,123,40,11
150030078071,0,130,775,45,184,131829,0,15,0,0,72,0,14,56,0,0,14,0,0,0,13,0,361,0,63,65,56,0,0
150030078072,0,125,1065,45,628,54914,57,81,102,0,19,29,0,0,56,33,27,57,27,0,43,97,636,78,464,86,0,0,0
150030078073,0,60,606,85,367,84519,91,55,42,0,71,0,13,13,0,13,0,0,13,0,31,25,497,43,169,137,18,0,0
150030078074,0,94,1328,356,738,64063,14,156,44,13,12,0,45,13,44,42,14,12,13,27,165,124,866,40,556,116,26,0,0
150030078075,0,147,537,0,265,NA,0,0,51,0,13,0,40,12,12,0,59,30,0,17,14,17,349,59,87,107,0,12,0
150030078076,0,109,850,82,529,74306,54,136,40,13,66,0,15,0,0,0,14,0,15,14,66,96,708,0,365,149,15,0,0
150030078081,17,480,1867,225,430,75833,35,113,24,0,10,19,0,75,0,9,29,19,10,27,9,51,696,77,168,91,40,49,5
150030078082,0,370,1731,274,678,61250,40,41,91,8,84,20,9,30,17,49,74,9,65,25,28,88,1116,67,298,161,128,16,8
150030078091,0,310,1322,265,366,129000,0,44,29,0,20,0,44,125,0,0,18,9,10,29,9,29,948,0,34,173,96,35,28
150030078092,0,386,2111,493,740,116083,9,142,142,0,134,0,102,96,8,9,21,0,8,4,10,55,1562,20,113,432,124,42,9
150030078101,0,375,2672,914,844,120800,17,144,105,0,134,0,133,138,0,9,0,15,53,16,54,26,1818,31,119,490,104,93,7
150030078102,0,84,907,384,337,122321,8,55,57,0,68,0,51,49,0,0,0,7,16,0,9,17,737,0,41,207,74,15,0
150030078103,10,621,2251,321,687,127153,8,128,46,0,68,26,92,199,0,0,8,20,9,11,5,67,1487,0,161,318,170,24,14
150030078111,12,317,2296,592,804,113333,8,68,202,8,64,9,164,80,41,0,48,8,0,8,0,96,1574,8,248,392,91,56,9
150030078112,0,486,2300,562,876,100395,0,154,91,9,140,0,118,92,0,18,22,26,35,9,55,107,1685,17,242,438,149,30,0
150030080011,113,253,1511,417,579,28173,64,66,24,54,6,51,6,17,85,45,36,27,12,6,23,57,712,160,251,82,61,18,7
150030080012,0,158,583,98,201,71761,0,44,12,0,11,2,20,7,19,12,14,0,0,2,22,36,292,19,92,75,10,5,0
150030080021,17,246,1424,364,350,97500,7,62,36,5,16,5,66,53,5,4,5,20,19,5,10,32,859,26,60,127,58,33,46
150030080022,141,259,1510,344,414,95250,9,87,29,5,41,5,59,64,5,14,5,9,23,14,7,38,903,29,128,131,42,49,35
150030080031,11,767,2089,175,569,79716,9,112,76,0,33,0,75,8,28,4,66,18,37,54,1,48,1104,21,152,279,98,7,12
150030080032,19,403,2268,311,1088,55379,68,182,71,36,19,111,16,34,44,14,46,33,93,36,91,194,1328,208,529,285,42,17,7
150030080051,0,657,2719,520,710,109141,17,117,97,0,55,0,64,173,0,11,0,14,18,40,28,76,1758,29,115,243,190,78,55
150030080052,0,489,2867,899,800,109000,38,128,102,12,129,11,95,106,33,0,16,24,11,0,37,58,1968,64,93,298,167,128,50
150030080053,13,111,1137,335,395,107450,47,19,124,0,10,27,52,47,13,0,13,17,11,15,0,0,918,13,108,104,110,28,32
150030080061,57,463,2318,779,784,82500,0,74,115,0,55,0,101,54,104,63,35,15,8,24,34,102,1565,30,281,286,105,45,37
150030080062,38,245,1824,634,660,91684,7,141,107,8,60,16,62,47,36,22,0,0,9,27,57,61,1355,41,120,314,151,22,12
150030080071,0,462,2503,984,725,118281,0,117,130,33,118,0,133,71,8,10,0,8,31,0,25,41,1700,23,139,257,193,97,16
150030080072,43,554,3237,818,830,121818,28,64,139,19,72,9,151,166,0,7,26,9,18,7,16,99,2103,41,162,227,211,120,69
150030083011,0,0,0,0,0,NA,0,0,0,0,0,0,0,0,0,0,0,0,0,0,0,0,0,0,0,0,0,0,0
150030083012,0,585,1388,7,335,95028,0,75,31,0,10,0,32,50,0,0,6,2,8,0,121,0,596,0,149,151,15,0,20
150030083013,0,1172,3563,165,1058,94167,0,270,179,5,107,1,130,16,16,0,26,16,60,48,57,127,2036,0,342,509,164,31,12
150030083021,29,677,2006,347,362,84022,9,61,47,0,16,0,22,57,24,6,0,33,0,7,35,45,961,0,52,154,62,55,39
150030083022,58,570,2382,341,424,128000,34,33,55,0,48,9,77,99,0,0,9,8,0,17,26,9,1285,0,43,91,194,35,61
150030083023,0,627,2433,272,478,91563,7,123,40,0,92,7,51,16,0,25,0,8,25,8,60,16,1112,23,127,149,74,69,36
150030084021,0,394,1904,223,546,96563,24,88,108,7,7,0,87,42,26,8,8,0,36,31,33,41,1380,8,123,187,91,106,31
150030084022,47,590,2690,325,597,93906,0,106,70,7,68,30,71,64,0,55,24,15,9,30,24,24,1491,32,89,235,113,59,69
150030084023,88,887,3080,595,643,96331,8,96,91,0,81,10,66,61,0,14,0,94,9,23,21,69,1862,16,60,231,140,88,108
150030084051,0,991,4296,278,1154,117500,9,256,236,0,179,15,222,84,0,0,0,16,0,21,29,87,2779,27,215,449,277,119,67
150030084061,0,2453,7052,487,1725,133487,36,240,220,8,266,0,377,283,0,8,41,0,42,25,62,117,4356,9,250,740,435,151,140
150030084071,0,1266,4007,246,1103,107697,20,203,105,0,190,0,201,96,10,0,49,0,0,17,64,148,2394,12,173,610,231,77,0
150030084081,0,1783,5438,453,1641,115321,19,343,221,0,276,9,254,193,0,18,41,12,53,37,44,121,3227,29,353,996,184,65,14
150030084082,0,873,2953,266,848,133182,9,53,85,0,125,0,245,116,0,14,0,27,0,30,85,59,1895,9,147,385,250,57,0
150030084101,0,1268,4831,509,1339,119750,0,216,213,9,256,9,228,165,8,34,28,8,0,45,79,41,3000,8,249,683,269,79,51
150030084111,0,214,942,73,272,96957,0,61,47,0,45,0,20,10,0,9,0,0,0,29,6,45,709,7,13,147,36,51,18
150030084112,0,497,2659,282,879,90815,7,258,92,23,119,14,59,62,9,7,0,15,80,15,46,73,1485,42,353,364,76,44,0
150030084121,0,1371,5271,457,1700,83833,33,430,180,15,172,42,153,65,0,0,33,29,30,79,98,341,3225,32,507,901,137,110,13
150030084122,0,548,2340,338,626,98167,14,177,113,0,39,0,91,59,0,0,0,14,16,0,89,14,1276,11,152,308,122,28,5
150030085021,891,389,1775,111,628,63750,24,129,26,56,83,9,40,14,43,48,38,6,23,16,49,24,951,99,237,186,82,24,0
150030086061,0,1343,4006,145,803,166639,16,104,94,0,17,0,209,274,0,0,16,0,0,0,11,62,2426,0,110,199,238,150,106
150030086062,0,1177,4294,585,1149,84088,48,203,189,16,76,41,136,27,20,33,15,30,16,0,186,113,2403,24,276,557,187,89,16
150030086063,0,620,2074,182,410,95625,0,128,68,17,34,17,43,32,0,0,0,10,0,0,13,48,1074,19,42,156,98,49,46
150030086064,0,327,1643,203,553,76750,63,82,68,0,26,47,80,31,15,16,18,16,0,46,15,30,1010,84,141,219,59,15,35
150030086091,16,395,1510,194,408,103500,5,38,112,5,29,0,56,38,0,10,4,42,5,4,41,19,1025,0,99,114,121,47,27
150030086092,0,53,496,105,192,102321,0,21,63,0,10,0,6,30,0,0,0,5,14,26,6,11,335,0,60,121,11,0,0
150030086101,0,122,876,171,392,106250,4,50,55,4,42,4,33,81,4,4,0,4,24,10,52,21,601,5,202,156,29,0,0
150030086111,0,0,0,0,0,NA,0,0,0,0,0,0,0,0,0,0,0,0,0,0,0,0,0,0,0,0,0,0,0
150030086121,0,1540,6323,614,2013,100625,74,272,219,32,259,16,326,205,34,24,74,24,64,42,167,181,4123,76,547,845,359,129,57
150030086131,9,213,922,130,213,132961,4,26,20,0,34,4,37,50,0,0,3,0,0,8,5,22,535,0,43,88,28,46,8
150030086141,0,178,616,36,229,56250,0,0,12,0,13,0,25,12,15,0,30,31,12,12,67,0,354,0,129,75,25,0,0
150030086142,0,77,360,283,118,43649,0,0,0,42,0,0,0,0,0,0,0,0,37,0,39,0,113,42,39,37,0,0,0
150030086143,0,791,2232,51,546,132253,14,26,61,0,170,0,112,92,0,0,0,0,0,0,0,71,1432,0,32,276,116,110,12
150030086144,0,102,819,112,335,75786,13,116,34,0,0,37,11,26,0,51,35,0,0,0,0,12,442,76,122,91,46,0,0
150030086145,0,732,1895,135,543,80250,0,89,74,0,47,0,67,25,13,0,0,0,13,0,107,108,1004,0,155,315,73,0,0
150030086146,0,491,2198,168,632,112027,0,38,107,0,77,0,102,87,12,0,12,10,60,0,14,113,1315,0,217,237,110,57,11
150030086147,12,378,1404,108,416,126500,13,46,106,0,25,0,48,144,0,0,0,0,10,0,24,0,1000,0,92,154,95,60,15
150030086148,0,0,0,0,0,NA,0,0,0,0,0,0,0,0,0,0,0,0,0,0,0,0,0,0,0,0,0,0,0
150030086149,42,424,1005,146,268,54688,0,60,0,0,14,16,42,0,16,0,27,0,14,26,40,13,493,0,126,73,55,14,0
150030086171,5,431,1489,199,475,NA,79,57,76,13,13,13,49,0,11,12,0,11,102,0,0,39,932,77,123,132,52,66,25
150030086172,0,516,1370,256,350,115625,12,41,27,0,77,0,89,0,49,0,0,13,0,30,12,0,730,64,13,178,51,12,32
150030086173,7,782,3069,316,898,102708,28,80,111,0,154,12,100,87,39,30,0,12,49,28,66,102,2153,0,149,348,321,55,25
150030086174,14,1023,4240,919,833,91652,26,149,61,48,145,13,86,102,25,27,68,31,14,25,13,0,2108,39,180,217,166,172,59
150030086175,0,0,130,130,117,18641,11,0,0,37,0,23,0,0,0,35,11,0,0,0,0,0,49,68,49,0,0,0,0
150030086221,0,387,1056,144,220,107750,6,24,55,8,36,20,15,7,0,16,18,0,0,0,0,15,632,16,44,59,30,23,48
150030086222,14,620,2583,430,601,113859,0,94,40,13,61,6,98,124,0,0,25,17,23,8,22,70,1611,6,93,226,147,35,94
150030086223,0,231,837,124,194,114231,7,13,33,8,48,0,6,19,0,0,16,0,0,0,5,39,505,0,31,85,20,46,12
150030087011,99,537,2572,546,529,105764,8,91,62,16,56,9,106,54,0,0,7,8,28,0,37,47,1280,52,59,187,137,56,38
150030087012,0,40,448,72,142,97778,0,46,19,0,8,0,24,12,0,9,8,0,0,0,9,7,273,0,44,79,12,0,7
150030087013,41,283,2057,374,379,137574,9,40,38,8,106,0,65,58,0,9,0,0,9,16,7,14,1176,0,93,42,65,120,59
150030087014,158,649,2857,492,650,88750,18,68,70,0,75,8,111,42,33,76,13,7,28,0,6,95,1452,51,215,114,167,49,54
150030087021,86,737,3711,710,1147,50339,168,134,66,23,100,72,7,61,24,39,99,28,64,47,113,102,1614,220,569,165,117,46,30
150030087022,30,477,1945,321,455,47469,20,22,45,21,17,0,14,7,33,7,23,70,14,40,52,70,723,81,168,92,85,29,0
150030087031,19,284,1952,332,520,113163,0,48,146,0,63,0,92,54,0,0,18,16,8,16,0,59,1283,7,80,217,135,61,20
150030087032,0,644,1976,86,418,50526,42,88,8,20,0,0,0,10,34,16,19,0,30,44,46,61,571,28,246,115,21,8,0
150030087033,0,502,1437,36,294,57250,8,105,8,0,23,0,0,0,0,21,8,0,67,25,19,10,392,29,203,20,19,23,0
150030087034,60,663,1869,34,403,48906,0,21,8,0,44,28,25,0,66,14,45,7,12,33,9,91,570,42,202,125,26,0,8
150030088001,59,464,2303,435,363,123551,24,18,69,8,7,7,40,109,0,0,0,8,8,21,15,29,1033,32,68,34,94,90,45
150030088002,287,354,1573,311,331,72457,30,51,7,46,28,3,24,55,4,0,22,0,0,0,15,46,809,43,94,46,57,47,44
150030088003,0,843,3130,460,566,107500,8,176,36,0,62,7,92,100,0,15,0,9,0,0,22,39,1521,8,59,269,92,72,66
150030088004,187,275,1378,350,259,90197,0,47,48,8,0,0,22,34,0,27,0,0,8,16,8,41,735,8,60,12,103,57,19
150030089061,0,93,723,144,311,99028,0,70,64,8,29,0,51,8,0,0,0,0,19,0,18,44,679,6,79,104,96,26,0
150030089062,0,148,722,233,222,97361,0,59,32,0,34,14,32,7,0,7,21,0,0,7,0,9,488,8,54,100,20,33,7
150030089063,0,570,2369,615,751,76938,16,129,50,9,99,24,40,73,49,15,0,16,0,30,40,161,1546,15,220,274,190,52,0
150030089071,0,316,1295,211,453,66719,76,90,31,0,43,0,24,19,37,0,29,0,14,16,41,33,866,26,175,147,40,54,11
150030089072,0,310,1324,251,357,100156,0,35,30,18,44,7,72,33,27,0,0,0,23,0,38,30,809,0,71,173,70,33,10
150030089073,0,189,774,59,237,51292,15,7,8,8,21,0,8,0,15,0,33,7,25,0,42,48,370,50,74,75,6,32,0
150030089074,0,207,811,184,213,108036,0,41,39,3,8,0,30,31,0,0,0,32,0,8,7,14,525,8,47,75,45,14,24
150030089081,0,597,2239,425,644,81354,0,64,66,0,60,9,106,55,0,0,0,9,16,0,109,150,1596,9,151,226,103,91,64
150030089082,0,313,1267,321,382,103056,8,85,58,0,101,0,35,16,0,0,0,0,0,30,35,14,920,15,25,243,47,18,34
150030089083,0,437,2401,683,777,101875,6,147,126,9,98,11,100,84,9,19,0,8,16,41,0,103,1757,27,129,351,171,82,17
150030089091,0,629,3019,567,938,81591,8,160,88,30,99,0,125,67,0,18,57,24,19,31,112,100,1883,0,382,291,152,102,11
150030089092,0,238,1113,318,334,112778,0,80,60,0,41,0,35,51,0,9,9,0,23,0,26,0,747,8,41,186,71,19,9
150030089121,233,552,2735,599,458,131563,4,38,43,5,107,5,68,79,17,13,16,0,19,0,4,40,1449,4,66,117,76,102,93
150030089131,126,551,2811,621,484,124714,0,57,95,13,36,5,93,109,6,0,6,6,7,6,19,26,1361,31,62,112,135,80,64
150030089132,0,147,1295,314,300,78889,0,41,25,6,37,0,12,45,7,6,0,12,5,6,19,79,767,11,23,135,78,25,28
150030089141,155,914,3273,334,716,59630,15,134,15,66,27,40,33,47,12,0,8,32,68,41,84,94,1207,62,330,235,23,16,50
150030089142,0,521,1984,122,453,64509,58,51,54,16,14,19,7,41,0,0,0,23,13,23,52,82,663,26,260,128,9,30,0
150030089151,0,507,2822,406,758,90714,18,135,61,0,54,8,100,135,7,34,0,0,17,8,76,105,1963,27,122,261,162,121,65
150030089152,0,644,2621,209,1089,64190,65,176,148,23,62,4,24,0,53,84,42,45,17,17,116,213,1524,51,595,408,27,8,0
150030089171,0,316,2139,423,663,145781,0,95,69,0,73,0,133,186,0,0,8,7,0,0,8,84,1595,8,122,210,246,70,7
150030089172,0,510,2371,385,822,107625,37,61,81,0,114,70,144,80,10,7,0,28,27,22,62,79,1633,22,342,178,201,63,16
150030089181,0,541,2118,321,732,98250,18,131,168,9,114,44,47,30,9,19,0,9,0,45,18,71,1402,17,197,394,92,19,13
150030089182,0,68,447,51,132,151389,0,9,16,0,27,0,38,33,0,0,0,0,0,0,0,9,330,0,9,67,37,19,0
150030089183,0,241,933,162,282,77434,0,98,24,0,17,0,36,3,0,0,9,9,33,0,0,53,570,10,95,123,0,41,13
150030089184,0,348,1861,376,551,121719,9,82,91,10,126,0,66,76,0,0,8,0,28,4,35,16,1342,12,79,278,85,65,32
150030089201,0,445,1561,145,516,89900,41,67,132,0,59,20,41,9,9,0,35,53,0,0,0,50,828,69,206,162,27,43,9
150030089202,0,103,915,167,383,84028,8,107,33,18,26,16,61,8,0,0,9,8,9,8,16,56,817,8,119,137,52,67,0
150030089203,15,135,640,81,241,90694,30,43,52,8,9,0,27,8,9,24,0,0,0,0,17,14,412,24,94,87,0,36,0
150030089204,0,255,1261,250,369,115469,25,19,34,23,100,0,52,17,0,0,0,0,20,0,16,63,874,0,76,142,98,45,8
150030089211,96,495,2521,474,571,102938,5,46,69,8,47,13,84,101,5,0,22,4,5,0,84,78,1619,9,93,194,94,92,89
150030089221,0,184,1555,222,678,92866,24,151,83,0,115,0,66,0,0,12,29,15,13,12,39,119,1151,15,214,410,39,0,0
150030089222,0,425,1825,123,660,102222,16,114,132,0,81,0,121,12,0,13,24,0,0,0,69,78,1358,13,189,326,49,45,38
150030089223,0,504,1822,218,620,105465,13,78,95,0,49,54,73,101,49,0,0,0,0,0,12,96,1080,15,247,241,117,0,0
150030089224,0,356,1860,296,738,125303,0,79,126,6,236,0,98,43,0,0,12,0,27,0,11,100,1390,25,223,333,127,30,0
150030089231,0,542,3036,369,1222,80882,70,210,139,9,144,9,113,52,20,45,19,80,73,37,76,126,2123,47,535,433,124,65,18
150030089232,0,205,969,132,373,87266,10,109,59,10,53,0,20,6,0,0,9,0,0,19,20,58,659,27,127,134,76,9,0
150030089233,0,90,690,186,200,121750,8,34,52,0,20,0,35,42,0,0,0,0,0,0,0,9,566,0,35,54,62,8,41
150030089241,0,701,3297,195,958,122436,20,63,274,0,122,0,159,131,0,0,13,0,40,26,12,98,2559,0,78,458,252,57,113
150030089242,0,429,1981,240,507,122868,13,164,61,0,16,0,131,92,0,0,0,0,13,0,0,17,1632,0,25,124,92,247,19
150030089243,0,437,2093,313,549,100709,18,68,85,0,42,37,103,55,0,53,12,0,0,0,63,13,1251,15,122,264,39,79,30
150030089251,0,796,3811,525,1078,98125,53,216,217,0,129,9,107,74,7,23,19,31,9,8,105,71,2207,32,328,459,117,117,25
150030089252,0,428,1849,379,448,109643,8,118,103,0,41,27,24,87,0,0,8,24,0,0,0,8,1173,0,57,167,146,46,32
150030089253,0,294,1418,255,354,117045,0,49,110,8,67,0,16,48,0,0,0,16,9,0,22,9,801,28,38,179,70,8,31
150030089261,0,380,1745,126,720,86630,59,136,126,0,62,8,47,52,5,10,15,5,5,18,38,134,1159,24,304,321,71,0,0
150030089271,0,1526,5116,315,1606,115270,9,325,213,8,198,9,375,144,10,17,10,24,26,34,98,106,3321,28,441,722,277,103,35
150030089281,0,1211,3985,242,1127,133984,10,105,201,0,288,0,203,188,0,18,20,9,23,9,36,17,2672,25,148,573,252,48,81
150030089291,11,210,1728,736,908,59663,0,80,86,17,45,83,41,67,0,101,0,79,32,31,118,128,1026,222,469,110,91,16,0
150030089292,0,431,2257,293,913,73958,24,168,67,27,95,41,72,42,15,0,3,56,58,13,71,161,1663,41,341,335,159,10,27
150030089301,0,375,2244,304,772,139000,8,95,110,0,86,4,184,159,13,0,6,0,5,50,27,25,1885,12,59,407,193,78,23
150030089311,0,993,2869,127,791,157448,32,41,108,21,128,0,229,216,0,0,0,0,5,0,0,11,1983,0,43,446,189,94,19
150030089312,444,0,0,0,0,NA,0,0,0,0,0,0,0,0,0,0,0,0,0,0,0,0,0,0,0,0,0,0,0
150030090001,37,761,2354,14,871,62878,29,181,57,7,57,21,9,23,13,22,76,51,35,27,112,151,1411,4,392,406,69,0,0
150030091001,37,902,3277,399,771,67454,61,94,40,15,85,20,83,56,15,46,35,59,29,28,31,74,1737,66,249,206,101,17,132
150030091002,265,356,1504,299,403,64145,19,65,10,19,46,0,22,31,10,22,24,37,28,5,18,47,964,10,76,134,147,12,24
150030092001,9,903,3350,527,850,97609,23,76,44,54,92,0,195,72,7,68,0,0,15,27,95,82,2064,46,166,226,306,54,52
150030092002,6,542,2769,423,836,83176,0,120,74,22,101,17,68,97,11,11,36,0,61,35,30,153,1843,0,328,249,173,0,86
150030092003,0,390,1867,619,637,84620,0,93,192,18,58,10,36,11,14,0,26,15,67,13,33,51,1347,0,141,295,188,13,0
150030093001,14,202,1482,337,617,56414,59,72,82,77,26,29,20,23,33,23,41,0,10,15,68,39,894,150,229,116,82,23,17
150030093002,0,39,432,211,222,32000,47,0,19,44,0,0,0,19,12,0,19,20,10,0,32,0,197,116,45,51,0,0,10
150030093003,0,298,1184,197,268,71000,37,6,19,0,12,0,30,53,27,0,0,5,40,0,7,32,620,43,66,47,53,22,37
150030093004,99,371,1319,342,414,35000,51,30,34,57,0,8,0,19,28,33,30,82,17,10,15,0,397,139,199,53,0,23,0
150030094001,0,145,899,113,356,36786,63,85,12,24,7,26,0,0,23,6,21,34,23,7,4,21,451,96,133,72,46,9,0
150030094002,0,251,1474,257,572,64235,69,62,72,52,52,0,27,8,6,13,0,49,14,7,42,99,972,38,265,146,88,24,11
150030094003,12,290,1109,251,362,46154,28,26,15,10,9,82,23,23,0,0,14,7,34,21,24,46,540,49,165,111,21,3,13
150030094004,23,568,1388,45,412,27016,69,24,31,53,24,59,0,24,0,45,0,19,14,7,17,26,528,95,181,95,24,0,17
150030095011,50,1164,2451,17,615,51205,10,111,27,6,12,8,13,0,0,67,59,72,45,27,115,43,894,16,320,263,16,0,0
150030095012,0,1553,3599,33,1019,54300,18,129,95,9,0,10,21,46,40,60,89,83,26,59,153,181,1716,0,370,609,32,8,0
150030095021,0,62,435,0,209,52577,0,9,0,0,0,0,0,0,12,34,12,17,16,0,61,48,293,0,137,60,12,0,0
150030095022,0,2134,4287,9,1088,70780,28,232,145,10,31,0,10,42,12,34,36,42,62,24,167,213,1938,13,220,847,8,0,0
150030095031,2835,632,1281,2,322,69894,22,73,79,0,0,0,0,3,0,0,0,5,17,4,20,99,576,5,83,216,11,7,0
150030095041,0,482,1295,36,403,76250,0,108,30,0,32,16,25,14,14,14,10,0,14,6,43,77,714,0,135,225,43,0,0
150030095071,211,511,2135,5,806,52202,12,117,32,6,13,24,9,13,34,63,54,56,42,75,108,148,1139,50,431,285,22,18,0
150030095072,1217,0,0,0,0,NA,0,0,0,0,0,0,0,0,0,0,0,0,0,0,0,0,0,0,0,0,0,0,0
150030096031,0,403,1462,143,407,100089,77,32,129,0,14,0,28,33,15,33,0,0,16,0,0,30,805,41,106,137,82,26,15
150030096032,514,1152,3428,285,994,88663,59,329,129,15,104,0,90,0,0,17,13,50,0,0,109,79,2190,43,129,586,84,123,29
150030096033,49,296,1050,76,195,65719,0,0,40,16,17,0,0,12,0,0,0,14,0,12,0,84,462,0,16,128,14,37,0
150030096034,404,554,1889,329,486,66900,41,101,70,24,13,65,0,36,7,0,59,0,14,0,14,42,973,24,171,155,52,84,0
150030096035,0,625,2123,248,561,82386,38,72,13,14,54,39,168,13,45,0,0,15,0,45,39,6,1317,38,90,139,227,67,0
150030096036,0,73,456,127,162,NA,14,7,48,0,0,39,15,0,16,15,0,0,0,0,8,0,269,0,68,81,13,0,0
150030096081,19,506,2163,333,523,48576,79,52,33,72,37,23,24,0,13,8,8,9,8,66,40,51,1056,98,124,144,60,44,53
150030096082,0,936,2815,279,717,66295,43,94,54,13,60,32,91,34,4,38,3,37,31,5,93,85,1667,60,116,314,106,49,72
150030097011,0,388,1453,156,279,97841,22,18,53,0,57,7,16,4,1,0,34,0,22,0,12,33,716,1,83,63,65,29,38
150030097012,0,526,1422,148,427,19375,162,22,9,29,15,30,17,0,0,32,23,24,0,21,37,6,488,209,58,89,32,39,0
150030097013,455,1053,3144,235,942,28704,118,74,48,119,30,81,8,8,90,77,44,0,29,49,38,129,986,316,411,102,97,8,8
150030097031,27,770,3111,433,820,71591,88,132,85,74,53,0,46,90,23,18,10,9,35,9,58,90,1737,36,211,364,98,68,43
150030097032,10,717,2688,361,580,71818,7,95,75,3,30,18,39,37,20,11,29,15,22,54,62,63,1299,42,159,166,111,51,51
150030097033,0,325,1056,170,208,60000,10,57,0,31,7,8,0,32,0,26,0,0,19,0,10,8,502,32,34,70,16,0,56
150030097041,366,936,3172,512,670,100000,17,79,127,9,59,40,68,81,6,12,43,26,23,8,34,38,1685,22,153,174,178,77,66
150030098011,0,596,2030,280,785,50598,40,131,85,37,22,54,26,3,47,23,35,58,46,47,56,75,903,135,418,211,21,0,0
150030098012,2,52,566,160,199,81563,10,39,14,10,2,23,15,47,2,0,0,0,9,0,5,23,401,7,61,63,61,4,3
150030098021,125,716,2876,332,710,60461,96,90,84,21,44,33,7,24,14,49,7,43,18,20,47,113,1261,80,247,258,48,44,33
150030098022,75,516,1888,219,425,83250,18,49,40,17,62,30,61,24,0,10,12,28,14,18,0,42,1054,27,78,88,140,86,6
150030098023,0,1005,2182,182,390,49767,11,52,51,0,0,0,27,8,26,36,11,57,15,43,44,9,889,67,44,113,83,64,19
150030099021,0,180,602,70,226,40313,29,8,33,8,7,30,26,15,9,0,36,0,8,9,8,0,366,59,50,86,9,0,22
150030099022,0,146,853,153,251,49563,9,8,17,0,0,12,34,22,16,18,0,8,15,51,41,0,414,7,138,57,34,15,0
150030099023,0,272,1312,183,262,117262,0,46,38,9,35,0,52,42,0,13,0,0,0,8,10,9,808,9,22,38,127,17,49
150030099024,0,403,1117,215,286,71667,9,23,0,9,42,12,68,0,0,12,0,0,0,0,47,64,782,12,12,138,52,47,25
150030099041,41,342,1840,234,754,80875,36,117,85,31,57,28,67,71,16,9,26,31,26,10,65,79,1394,6,261,384,61,34,8
150030099042,0,17,353,0,17,NA,0,0,0,0,0,0,0,17,0,0,0,0,0,0,0,0,85,0,0,0,0,0,17
150030099043,0,339,1155,199,306,68846,30,37,60,0,7,23,15,28,0,19,4,24,4,5,22,28,593,52,89,61,52,34,18
150030099044,5,218,969,171,320,79038,32,66,32,4,33,22,37,0,0,12,13,0,9,9,13,38,702,20,63,109,91,37,0
150030099045,0,278,1320,292,438,81154,53,46,81,5,59,4,26,18,8,16,14,5,4,13,18,68,902,13,159,133,91,21,21
150030100001,62,118,980,220,430,80000,14,73,33,17,47,7,30,59,0,44,46,0,19,0,7,34,848,0,158,192,38,30,12
150030100002,145,898,2688,31,832,44397,17,81,38,12,49,6,0,37,0,61,112,141,74,8,41,155,1196,35,446,314,26,11,0
150030101001,0,496,2027,243,564,113125,0,111,35,0,47,12,79,137,0,13,11,0,22,0,0,97,1494,0,108,285,40,14,117
150030101002,2,558,2609,490,901,110954,0,116,110,0,117,14,79,175,0,23,39,12,46,12,37,121,2130,0,213,401,149,43,95
150030101003,33,124,540,117,213,82279,9,50,27,2,26,3,12,19,2,3,7,19,1,5,10,18,356,7,73,126,3,1,3
150030101004,0,578,1980,288,491,79750,17,48,55,32,37,16,64,55,14,3,6,36,17,20,23,48,1031,63,95,166,96,50,21
150030102011,63,492,1700,195,522,67188,32,85,40,8,71,17,17,19,29,3,20,43,34,15,50,39,955,67,178,149,82,13,33
150030102012,0,281,1181,154,415,88594,28,62,52,8,32,12,51,42,33,6,3,45,3,0,16,22,806,11,156,150,59,29,10
150030102013,0,850,2467,256,579,84934,32,97,106,7,38,15,42,40,22,11,14,10,21,15,64,45,1238,29,187,184,102,40,37
150030102021,1068,145,773,136,248,96389,5,20,29,13,35,26,46,10,0,4,6,0,0,0,35,19,449,17,77,124,12,8,10
150030102022,0,945,2832,200,524,93333,12,108,38,0,56,5,81,50,5,21,14,11,0,25,38,60,1011,35,214,104,125,18,28
150030102023,0,537,1438,56,238,138229,0,8,9,0,35,14,51,51,0,0,7,0,24,0,0,39,645,0,30,68,94,33,13
150030102024,774,434,1251,142,265,112031,0,53,44,0,31,12,53,32,5,14,0,0,8,0,0,13,505,5,110,99,21,21,9
150030103031,8,267,1708,433,566,82045,42,79,81,25,40,0,63,54,24,8,21,34,8,26,38,23,1281,25,112,230,143,23,33
150030103032,0,64,595,141,250,84821,2,26,63,0,22,0,18,17,4,7,34,4,32,0,16,5,518,3,94,67,69,5,12
150030103033,0,332,1654,403,476,104219,8,78,89,0,80,0,50,30,0,23,24,0,9,25,8,52,1180,8,54,226,124,41,23
150030103051,25,363,1936,454,566,112188,0,109,58,15,38,0,160,69,0,8,53,7,7,16,5,21,1299,0,141,203,158,50,14
150030103052,49,331,1793,338,544,115938,7,125,53,0,87,0,102,57,8,12,0,6,8,14,57,8,1213,8,125,234,108,59,10
150030103053,0,242,936,77,207,71771,9,16,8,0,7,25,26,30,7,6,0,0,0,0,16,57,503,25,48,42,42,12,38
150030103061,0,176,810,220,273,202589,0,22,38,0,0,0,27,137,0,0,12,0,0,0,0,37,596,37,12,127,58,39,0
150030103062,0,295,1209,278,429,96696,29,30,0,18,84,0,37,73,15,0,14,0,62,0,16,51,790,0,179,150,89,11,0
150030103063,0,123,690,117,257,124375,0,41,22,0,10,0,55,62,0,0,0,0,18,0,0,49,490,0,100,97,52,0,8
150030103064,0,213,983,259,285,104485,0,117,49,0,0,0,62,45,0,0,0,0,0,0,0,12,699,0,77,99,31,59,19
150030103065,0,247,2282,322,823,123914,0,234,128,0,148,14,137,90,15,14,0,15,0,28,0,0,1802,0,126,443,240,0,14
150030103081,46,139,975,223,325,94716,0,69,66,0,31,0,40,23,7,15,0,0,0,21,34,19,700,0,76,182,32,23,12
150030103082,15,44,516,120,170,129750,0,0,24,0,32,7,25,37,0,7,8,20,0,10,0,0,426,0,48,51,36,7,28
150030103083,10,284,1824,440,535,98750,0,106,21,0,93,10,84,66,8,37,0,8,27,38,9,28,1326,15,104,181,116,101,18
150030105031,105,134,746,178,257,57875,4,22,29,27,14,0,4,23,10,0,10,20,28,0,38,28,438,22,73,144,9,0,9
150030105032,0,243,916,212,262,106094,0,43,54,0,28,0,56,10,0,4,0,5,4,0,10,48,579,8,58,117,51,17,11
150030105041,72,242,1484,340,539,62604,57,51,0,50,91,9,0,50,16,17,0,17,57,12,33,79,1115,24,154,221,56,69,15
150030105042,151,339,1232,179,398,111250,0,55,97,0,37,0,24,92,17,0,0,0,9,38,7,22,877,15,103,142,62,76,0
150030105043,0,373,1622,242,380,146400,0,25,40,8,54,0,96,83,4,0,0,0,0,9,0,61,942,0,104,125,57,53,41
150030105051,0,141,1180,313,347,137847,0,55,42,0,27,9,86,72,0,0,0,0,0,8,18,30,960,0,68,104,63,65,47
150030105052,14,236,1513,482,437,114583,8,93,47,0,26,0,114,56,0,0,0,0,23,0,27,43,1055,0,40,226,139,14,18
150030105053,0,80,645,212,258,113333,0,57,55,0,24,0,42,44,8,0,9,11,0,0,8,0,497,9,63,147,16,23,0
150030105071,0,545,2830,411,878,122083,9,133,96,11,189,8,131,116,39,15,9,17,12,31,18,44,1826,12,235,421,118,74,18
150030105072,0,747,2446,81,821,73285,0,137,104,9,66,17,43,31,24,18,37,39,55,67,0,174,1219,45,412,293,63,8,0
150030105081,19,80,649,92,230,111548,7,27,49,0,29,11,44,25,0,0,0,0,7,0,0,31,547,0,50,104,36,19,21
150030105082,0,401,1714,276,737,101932,15,101,151,0,30,16,128,85,32,39,15,14,8,14,33,56,1207,0,334,346,52,0,5
150030106011,36,181,959,214,284,103500,0,34,60,0,35,7,49,10,8,0,0,0,0,6,42,33,695,0,40,127,67,50,0
150030106012,15,235,1539,327,447,82589,15,55,57,0,25,53,16,80,0,38,0,14,41,32,0,21,926,36,158,151,28,31,43
150030106013,0,113,812,163,267,90208,9,31,16,0,40,0,15,57,0,0,17,0,24,8,42,8,566,9,98,52,75,26,7
150030106021,0,290,1354,243,391,123359,8,67,57,0,89,0,44,52,0,13,0,24,0,0,28,9,830,9,113,163,40,59,7
150030106022,119,373,1713,284,477,114023,0,69,89,22,53,15,81,59,0,0,0,9,0,0,19,61,1145,14,99,179,110,46,29
150030106023,37,340,2101,477,698,124412,0,65,128,10,119,0,108,118,0,0,0,8,9,38,66,29,1605,25,103,371,115,33,51
150030107011,0,711,2584,387,818,137500,0,106,103,17,114,8,206,135,18,0,0,9,10,35,17,40,1732,0,233,399,98,48,40
150030107012,0,129,1483,431,487,126250,15,37,67,0,46,0,85,117,17,28,8,8,0,20,16,23,1130,9,62,272,92,21,31
150030107021,0,291,2131,618,613,118281,0,121,84,17,75,9,77,128,23,0,10,22,8,0,24,15,1541,0,140,216,118,95,44
150030107022,116,161,1368,589,545,72311,30,63,30,38,68,15,53,39,6,15,30,8,41,9,33,67,757,217,72,178,24,30,24
150030108011,1472,40,240,0,97,44899,0,0,0,0,10,0,0,0,0,0,0,0,50,0,37,0,120,0,74,23,0,0,0
150030108012,42,794,2025,0,656,55450,23,72,30,0,5,12,5,3,16,35,20,61,70,36,127,141,1061,0,300,312,39,5,0
150030108021,1447,1796,4644,0,1542,63526,61,316,230,31,42,0,73,54,126,33,134,35,87,61,142,117,2721,0,523,871,136,12,0
150030108022,474,0,0,0,0,NA,0,0,0,0,0,0,0,0,0,0,0,0,0,0,0,0,0,0,0,0,0,0,0
150030108023,0,247,731,0,253,87434,11,19,15,0,64,0,6,41,0,0,29,34,0,16,0,18,473,0,68,150,35,0,0
150030109011,0,300,920,156,284,140806,30,22,27,0,45,0,49,72,0,0,19,0,0,6,0,14,630,0,30,184,48,22,0
150030109012,8,354,1968,368,684,119286,54,45,58,0,117,0,52,154,0,11,27,5,34,11,36,80,1464,0,180,351,92,11,50
150030109031,0,309,2195,355,676,110357,15,72,89,9,52,9,58,181,38,9,13,32,19,30,27,23,1540,18,195,246,108,34,75
150030109032,29,223,1482,252,698,50543,83,81,8,19,7,39,38,62,29,27,51,23,57,11,78,85,878,121,320,220,30,7,0
150030109041,0,386,1526,320,541,101625,18,52,57,0,20,0,59,141,0,59,26,30,0,9,5,65,1160,0,112,295,98,16,20
150030109042,5,290,1403,268,484,73667,15,34,40,0,35,11,67,58,16,0,6,0,54,0,54,94,963,0,142,222,103,17,0
150030109051,25,444,2403,452,865,81033,43,103,88,24,54,43,137,71,28,11,16,40,38,76,38,55,1521,110,267,286,149,39,14
150030110001,48,229,1441,297,451,151477,0,42,58,0,28,10,86,146,9,9,10,17,2,7,18,9,1099,9,82,186,108,21,45
150030110002,240,406,1926,513,669,136964,6,32,104,3,62,10,141,168,8,49,4,27,12,1,20,22,1482,14,145,309,115,65,21
150030110003,432,0,0,0,0,NA,0,0,0,0,0,0,0,0,0,0,0,0,0,0,0,0,0,0,0,0,0,0,0
150030111031,34,554,2805,650,847,131563,18,133,49,10,69,9,148,231,7,9,0,18,21,0,54,71,2008,27,141,338,215,91,35
150030111032,5,135,927,210,301,101307,0,49,31,9,7,9,86,38,0,0,10,0,43,10,0,9,784,10,38,101,80,56,16
150030111041,0,165,1004,188,306,131400,0,51,43,8,31,0,66,70,0,0,0,10,0,11,8,8,714,0,80,126,30,58,12
150030111042,26,599,2542,596,791,110804,59,151,120,8,78,9,95,119,0,12,0,18,18,10,49,45,1946,20,109,358,163,96,45
150030111043,0,185,1007,189,376,122660,17,53,63,8,35,0,59,50,0,41,17,0,9,0,24,0,745,0,100,204,58,7,7
150030111051,0,118,619,143,233,130521,0,22,26,0,59,8,17,43,7,0,33,0,5,4,9,0,472,10,28,141,54,0,0
150030111052,0,297,1710,292,752,104583,18,54,94,9,84,9,90,136,7,6,8,15,28,15,72,107,1208,25,329,326,61,11,0
150030111053,0,175,834,122,410,83145,8,82,58,0,58,0,20,29,0,18,18,16,7,9,71,16,605,6,203,201,0,0,0
150030111061,0,387,1284,170,420,142071,11,17,69,13,47,0,77,127,9,0,0,0,0,8,24,18,1019,8,43,187,137,34,11
150030111062,0,149,1207,262,339,160042,0,26,29,3,25,0,70,100,6,8,0,8,14,8,7,35,888,3,32,103,164,27,10
150030111063,8,235,1207,280,387,139205,0,30,27,0,60,0,83,98,19,0,14,12,9,0,8,27,839,7,55,250,38,26,11
150030111064,19,445,2249,495,615,121007,7,115,91,0,77,0,71,138,17,27,12,8,23,0,9,20,1506,6,175,185,120,76,53
150030112011,0,128,598,115,212,104643,0,29,21,11,35,38,29,33,0,7,0,0,0,0,0,9,380,15,61,89,47,0,0
150030112012,42,186,825,179,273,143125,9,28,13,0,85,0,49,47,0,0,0,0,0,0,8,34,538,0,114,90,32,37,0
150030112013,0,165,1049,281,370,153676,7,14,46,6,9,0,97,110,32,0,18,0,0,7,9,15,855,8,72,173,74,0,43
150030112014,0,168,631,98,200,137813,0,30,19,0,41,7,24,48,0,0,8,8,0,0,9,6,404,0,57,106,20,10,7
150030112015,0,288,1174,174,417,143219,0,20,67,7,59,0,65,115,9,0,0,0,0,6,43,26,898,15,58,219,98,27,0
150030112021,0,277,1500,340,539,115655,13,45,81,22,35,21,28,168,0,5,21,6,12,25,25,32,1146,30,145,202,97,19,46
150030113001,0,140,1015,231,248,104861,0,7,53,11,8,7,8,78,7,0,0,0,0,0,15,54,658,11,34,68,79,29,27
150030113002,0,1093,3227,357,634,103158,62,22,126,0,91,0,102,32,32,2,8,6,32,11,78,30,1545,16,206,175,72,93,72
150030113003,23,226,478,8,130,85217,0,74,0,0,0,0,7,0,0,0,22,0,7,0,0,20,202,29,14,80,0,7,0
150030113004,0,377,1392,246,354,58125,7,55,29,0,16,57,17,41,0,27,0,20,17,8,47,13,810,7,105,113,88,13,28
150030114001,0,113,176,0,38,NA,0,0,0,20,0,0,0,0,18,0,0,0,0,0,0,0,56,0,20,18,0,0,0
150030114002,0,376,988,13,325,55536,34,49,13,0,8,0,14,9,9,11,30,24,24,24,20,56,601,0,100,179,41,5,0
150030114003,1295,402,1127,0,373,62279,14,36,57,0,18,0,0,5,7,12,48,31,16,15,28,86,679,9,93,233,32,6,0
150030115001,90,491,1996,89,772,128306,0,103,129,0,222,0,86,88,0,0,0,42,0,0,18,84,1448,0,175,531,53,13,0
150030115002,0,613,2339,185,542,127500,6,72,92,0,59,2,131,84,12,10,4,4,9,4,24,29,1544,2,77,211,98,66,88
150030115003,0,1940,5032,214,1420,89695,11,438,247,50,114,4,94,35,27,6,95,24,28,26,88,133,2549,13,598,546,211,40,12
150039400011,0,513,2103,377,493,78393,21,57,62,3,26,17,58,53,22,20,19,30,22,19,17,47,1198,40,118,130,95,44,66
150039400012,0,306,1723,344,493,92639,23,79,41,18,37,10,68,67,8,6,10,18,28,8,28,44,1046,44,122,179,85,22,41
150039400021,0,281,1142,185,265,88194,14,32,27,4,23,0,26,31,23,0,0,14,9,0,22,40,663,15,49,80,66,19,36
150039400022,0,483,1537,120,321,71339,27,48,35,14,33,3,25,13,11,12,11,5,12,20,15,37,651,50,77,91,48,32,23
150039400023,0,526,2181,306,459,80208,14,62,53,7,37,5,62,38,18,20,23,19,20,18,6,57,1126,25,115,124,82,66,47
150039400024,0,752,2247,164,533,39306,120,38,56,25,23,19,28,0,45,11,14,40,16,4,18,76,770,99,196,187,12,35,4
150039800001,0,0,0,0,0,NA,0,0,0,0,0,0,0,0,0,0,0,0,0,0,0,0,0,0,0,0,0,0,0
150039802001,612,0,0,0,0,NA,0,0,0,0,0,0,0,0,0,0,0,0,0,0,0,0,0,0,0,0,0,0,0
150039803001,0,0,0,0,0,NA,0,0,0,0,0,0,0,0,0,0,0,0,0,0,0,0,0,0,0,0,0,0,0
150039806001,0,0,0,0,0,NA,0,0,0,0,0,0,0,0,0,0,0,0,0,0,0,0,0,0,0,0,0,0,0
150039807001,0,0,0,0,0,NA,0,0,0,0,0,0,0,0,0,0,0,0,0,0,0,0,0,0,0,0,0,0,0
150039808001,0,0,0,0,0,NA,0,0,0,0,0,0,0,0,0,0,0,0,0,0,0,0,0,0,0,0,0,0,0
150039810001,0,0,0,0,0,NA,0,0,0,0,0,0,0,0,0,0,0,0,0,0,0,0,0,0,0,0,0,0,0
150039811001,27,0,0,0,0,NA,0,0,0,0,0,0,0,0,0,0,0,0,0,0,0,0,0,0,0,0,0,0,0
150039812001,0,0,0,0,0,NA,0,0,0,0,0,0,0,0,0,0,0,0,0,0,0,0,0,0,0,0,0,0,0
150039813001,0,0,0,0,0,NA,0,0,0,0,0,0,0,0,0,0,0,0,0,0,0,0,0,0,0,0,0,0,0
150039814001,0,0,4,0,4,NA,0,0,0,0,0,0,0,0,0,0,0,0,4,0,0,0,4,0,4,0,0,0,0
150039900010,0,0,0,0,0,NA,0,0,0,0,0,0,0,0,0,0,0,0,0,0,0,0,0,0,0,0,0,0,0
